Model,MPG,Cylinders (categorical),Displacement,Horsepower,Weight,Acceleration,Year,Origin (categorical),Origin Label,Null Trap,Segment,Segment8,Grade (categorical),Grade Label,Fleet,Region,Emptyish,Log Spaced,Long Label,Long Number,Long Code (categorical)
chevrolet chevelle malibu,18.0,8.0,307.0,130.0,3504.0,12.0,70.0,1.0,USA,A,Seg01,SegA,1,1,FleetA,North,,0.001,North American Manufacturing Division Alpha,30000000,12345678901234.5
buick skylark 320,15.0,8.0,350.0,165.0,3693.0,11.5,70.0,1.0,USA,B,Seg02,SegB,2,2,FleetA,south,none,0.0010347008713411979,Southwestern European Distribution Center Beta,1234567890,30000000
plymouth satellite,18.0,8.0,318.0,150.0,3436.0,11.0,70.0,1.0,USA,,Seg03,SegC,5,5,FleetA,EAST,ok,0.0010706058931542353,Pacific Rim Logistics and Supply Chain Gamma,12345678901234.5,0.000000123456789
,16.0,8.0,304.0,150.0,3433.0,12.0,70.0,1.0,USA,A,Seg04,SegD,9,9,FleetA,North,,0.0011077568505097088,Central Plains Research Laboratory Delta,0.0000001,5550000000000000
ford torino,17.0,8.0,302.0,140.0,3449.0,10.5,70.0,1.0,USA,B,Seg05,SegE,1,1,FleetA,south,none,0.0011461969784565778,Atlantic Coastal Engineering Station Epsilon,0.0000001234567890123456,1000000000000000000
ford galaxie 500,15.0,8.0,429.0,198.0,4341.0,10.0,70.0,1.0,USA,null,Seg06,SegF,2,2,FleetA,EAST,ok,0.0011859710123376694,Mountain West Quality Assurance Facility Zeta,0.30000000000000004,0.30000000000000004
chevrolet impala,14.0,8.0,454.0,220.0,4354.0,9.0,70.0,1.0,USA,A,Seg07,SegG,5,5,FleetA,North,,0.0012271252398511905,Great Lakes Production Operations Eta,3.141592653589793,1234567890
plymouth fury iii,14.0,NaN,440.0,215.0,4312.0,8.5,70.0,1.0,USA,B,Seg08,SegH,9,9,FleetA,south,none,0.0012697075549188031,Gulf Coast Materials Testing Institute Theta,2.718281828459045,0.000000000000001
pontiac catalina,14.0,8.0,455.0,225.0,4425.0,10.0,70.0,1.0,USA,C,Seg09,SegA,1,1,FleetA,EAST,ok,0.0013137675134229888,North American Manufacturing Division Alpha,1.4142135623730951,12345678901234.5
amc ambassador dpl,15.0,8.0,390.0,190.0,3850.0,8.5,70.0,1.0,USA,A,Seg10,SegB,2,2,FleetA,North,,0.0013593563908785254,Southwestern European Distribution Center Beta,0.1,30000000
citroen ds-21 pallas,NaN,4.0,133.0,115.0,3090.0,17.5,70.0,2.0,Europe,B,Seg11,SegC,5,5,FleetA,south,none,0.0014065272421052363,Pacific Rim Logistics and Supply Chain Gamma,0.01,0.000000123456789
chevrolet chevelle concours (sw),NaN,8.0,350.0,165.0,4142.0,11.5,70.0,1.0,,C,Seg12,SegD,9,9,FleetA,EAST,ok,0.0014553349629714215,Central Plains Research Laboratory Delta,0.001,5550000000000000
ford torino (sw),NaN,8.0,351.0,153.0,4034.0,11.0,70.0,1.0,USA,A,Seg01,SegE,1,1,FleetA,North,,0.00150583635427984,Atlantic Coastal Engineering Station Epsilon,0.000000000001,1000000000000000000
plymouth satellite (sw),NaN,8.0,383.0,175.0,4166.0,10.5,70.0,1.0,USA,B,Seg02,SegF,2,2,FleetA,south,none,0.0015580901878706047,Mountain West Quality Assurance Facility Zeta,1000000000000,0.30000000000000004
amc rebel sst (sw),NaN,8.0,360.0,175.0,3850.0,11.0,70.0,1.0,USA,C,Seg03,SegG,5,5,FleetA,EAST,ok,0.0016121572750178855,Great Lakes Production Operations Eta,999,1234567890
dodge challenger se,15.0,8.0,383.0,170.0,3563.0,10.0,70.0,1.0,USA,A,Seg04,SegH,9,9,FleetA,North,,0.0016681005372000592,Gulf Coast Materials Testing Institute Theta,1000,0.000000000000001
plymouth 'cuda 340,14.0,8.0,340.0,160.0,3609.0,8.0,70.0,1.0,USA,B,Seg05,SegA,1,1,FleetA,south,none,0.0017259850793256216,North American Manufacturing Division Alpha,999999,12345678901234.5
ford mustang boss 302,NaN,8.0,302.0,140.0,3353.0,8.0,70.0,1.0,USA,undefined,Seg06,SegB,2,2,FleetA,EAST,ok,0.0017858782655001291,Southwestern European Distribution Center Beta,1000000,30000000
chevrolet monte carlo,15.0,8.0,400.0,150.0,3761.0,9.5,70.0,1.0,USA,A,Seg07,SegC,5,5,FleetA,North,,0.0018478497974222907,Pacific Rim Logistics and Supply Chain Gamma,-30000000,0.000000123456789
buick estate wagon (sw),14.0,8.0,455.0,225.0,3086.0,10.0,70.0,1.0,USA,B,Seg08,SegD,9,9,FleetA,south,none,0.0019119717955005022,Central Plains Research Laboratory Delta,-0.0000001234,5550000000000000
toyota corona mark ii,24.0,4.0,113.0,95.0,2372.0,15.0,70.0,3.0,Japan,C,Seg09,SegE,1,1,FleetA,EAST,ok,0.0019783188827841641,Atlantic Coastal Engineering Station Epsilon,0,1000000000000000000
plymouth duster,22.0,6.0,198.0,95.0,2833.0,15.5,70.0,1.0,USA,A,Seg10,SegF,2,2,FleetA,North,,0.0020469682718075198,Mountain West Quality Assurance Facility Zeta,1,0.30000000000000004
amc hornet,18.0,6.0,199.0,97.0,2774.0,15.5,70.0,1.0,USA,B,Seg11,SegG,5,5,FleetA,south,none,0.0021179998544470289,Great Lakes Production Operations Eta,-1,1234567890
,21.0,6.0,200.0,85.0,2587.0,16.0,70.0,1.0,USA,C,Seg12,SegH,9,9,FleetA,EAST,ok,0.0021914962948968715,Gulf Coast Materials Testing Institute Theta,0.9999999999999999,0.000000000000001
datsun pl510,27.0,4.0,97.0,88.0,2130.0,14.5,70.0,3.0,Japan,A,Seg01,SegA,1,1,FleetA,North,,0.002267543125870802,North American Manufacturing Division Alpha,1000000000.0000001,12345678901234.5
volkswagen 1131 deluxe sedan,26.0,4.0,97.0,46.0,1835.0,20.5,70.0,2.0,Europe,B,Seg02,SegB,2,2,FleetA,south,none,0.0023462288481422623,Southwestern European Distribution Center Beta,0.000000000000001,30000000
peugeot 504,25.0,4.0,110.0,87.0,2672.0,17.5,70.0,2.0,Europe,C,Seg03,SegC,5,5,FleetA,EAST,ok,0.0024276450335386566,Pacific Rim Logistics and Supply Chain Gamma,1000000000000000000,0.000000123456789
audi 100 ls,24.0,NaN,107.0,90.0,2430.0,14.5,70.0,2.0,Europe,,Seg04,SegD,9,9,FleetA,North,,0.0025118864315095794,Central Plains Research Laboratory Delta,5550000000000000,5550000000000000
saab 99e,25.0,4.0,104.0,95.0,2375.0,17.5,70.0,2.0,Europe,B,Seg05,SegE,1,1,FleetA,south,none,0.0025990510793930943,Atlantic Coastal Engineering Station Epsilon,1234567890123456,1000000000000000000
bmw 2002,26.0,4.0,121.0,113.0,2234.0,12.5,70.0,2.0,Europe,C,Seg06,SegF,2,2,FleetA,EAST,ok,0.0026892404165083181,Mountain West Quality Assurance Facility Zeta,100000000000,0.30000000000000004
amc gremlin,21.0,6.0,199.0,90.0,2648.0,15.0,70.0,1.0,USA,A,Seg07,SegG,5,5,FleetA,North,,0.0027825594022071257,Great Lakes Production Operations Eta,30000000,1234567890
ford f250,10.0,8.0,360.0,215.0,4615.0,14.0,70.0,1.0,,B,Seg08,SegH,9,9,FleetA,south,none,0.002879116638022356,Gulf Coast Materials Testing Institute Theta,1234567890,0.000000000000001
chevy c20,10.0,8.0,307.0,200.0,4376.0,15.0,70.0,1.0,USA,C,Seg09,SegA,1,1,FleetA,EAST,ok,0.002979024494054672,North American Manufacturing Division Alpha,12345678901234.5,12345678901234.5
dodge d200,11.0,8.0,318.0,210.0,4382.0,13.5,70.0,1.0,USA,A,Seg10,SegB,2,2,FleetA,North,,0.0030823992397451434,Southwestern European Distribution Center Beta,0.0000001,30000000
hi 1200d,9.0,8.0,304.0,193.0,4732.0,18.5,70.0,1.0,USA,B,Seg11,SegC,5,5,FleetA,south,none,0.0031893611791857495,Pacific Rim Logistics and Supply Chain Gamma,0.0000001234567890123456,0.000000123456789
datsun pl510,27.0,4.0,97.0,88.0,2130.0,14.5,71.0,3.0,Japan,C,Seg12,SegD,9,9,FleetA,EAST,ok,0.0033000347911252854,Central Plains Research Laboratory Delta,0.30000000000000004,5550000000000000
chevrolet vega 2300,28.0,4.0,140.0,90.0,2264.0,15.5,71.0,1.0,USA,A,Seg01,SegE,1,1,FleetA,North,,0.0034145488738336009,Atlantic Coastal Engineering Station Epsilon,3.141592653589793,1000000000000000000
toyota corona,25.0,4.0,113.0,95.0,2228.0,14.0,71.0,3.0,Japan,B,Seg02,SegF,2,2,FleetA,south,none,0.0035330366949927364,Mountain West Quality Assurance Facility Zeta,2.718281828459045,0.30000000000000004
ford pinto,25.0,4.0,98.0,NaN,2046.0,19.0,71.0,1.0,USA,C,Seg03,SegG,5,5,FleetA,EAST,ok,0.0036556361467894104,Great Lakes Production Operations Eta,1.4142135623730951,1234567890
volkswagen super beetle 117,NaN,4.0,97.0,48.0,1978.0,20.0,71.0,2.0,Europe,A,Seg04,SegH,9,9,FleetA,North,,0.0037824899063893824,Gulf Coast Materials Testing Institute Theta,0.1,0.000000000000001
amc gremlin,19.0,6.0,232.0,100.0,2634.0,13.0,71.0,1.0,USA,B,Seg05,SegA,1,1,FleetA,south,none,0.0039137456019803837,North American Manufacturing Division Alpha,0.01,12345678901234.5
plymouth satellite custom,16.0,6.0,225.0,105.0,3439.0,15.5,71.0,1.0,USA,C,Seg06,SegB,2,2,FleetA,EAST,ok,0.0040495559845768886,Southwestern European Distribution Center Beta,0.001,30000000
chevrolet chevelle malibu,17.0,6.0,250.0,100.0,3329.0,15.5,71.0,1.0,USA,A,Seg07,SegC,5,5,FleetA,North,,0.0041900791057866696,Pacific Rim Logistics and Supply Chain Gamma,0.000000000001,0.000000123456789
,19.0,6.0,250.0,88.0,3302.0,15.5,71.0,1.0,USA,B,Seg08,SegD,9,9,FleetA,south,none,0.0043354785017460139,Central Plains Research Laboratory Delta,1000000000000,5550000000000000
amc matador,18.0,6.0,232.0,100.0,3288.0,15.5,71.0,1.0,USA,C,Seg09,SegE,1,1,FleetA,EAST,ok,0.0044859233834376368,Atlantic Coastal Engineering Station Epsilon,999,1000000000000000000
chevrolet impala,14.0,8.0,350.0,165.0,4209.0,12.0,71.0,1.0,USA,null,Seg10,SegF,2,2,FleetA,North,,0.0046415888336127772,Mountain West Quality Assurance Facility Zeta,1000,0.30000000000000004
pontiac catalina brougham,14.0,8.0,400.0,175.0,4464.0,11.5,71.0,1.0,USA,B,Seg11,SegG,5,5,FleetA,south,none,0.0048026560105467204,Great Lakes Production Operations Eta,999999,1234567890
ford galaxie 500,14.0,NaN,351.0,153.0,4154.0,13.5,71.0,1.0,USA,C,Seg12,SegH,9,9,FleetA,EAST,ok,0.0049693123588647331,Gulf Coast Materials Testing Institute Theta,1000000,0.000000000000001
plymouth fury iii,14.0,8.0,318.0,150.0,4096.0,13.0,71.0,1.0,USA,A,Seg01,SegA,1,1,FleetA,North,,0.0051417518276839274,North American Manufacturing Division Alpha,-30000000,12345678901234.5
dodge monaco (sw),12.0,8.0,383.0,180.0,4955.0,11.5,71.0,1.0,USA,B,Seg02,SegB,2,2,FleetA,south,none,0.0053201750963247571,Southwestern European Distribution Center Beta,-0.0000001234,30000000
ford country squire (sw),13.0,8.0,400.0,170.0,4746.0,12.0,71.0,1.0,USA,C,Seg03,SegC,5,5,FleetA,EAST,ok,0.0055047898078549673,Pacific Rim Logistics and Supply Chain Gamma,0,0.000000123456789
pontiac safari (sw),13.0,8.0,400.0,175.0,5140.0,12.0,71.0,1.0,,A,Seg04,SegD,9,9,FleetA,North,,0.0056958108107376861,Central Plains Research Laboratory Delta,1,5550000000000000
amc hornet sportabout (sw),18.0,6.0,258.0,110.0,2962.0,13.5,71.0,1.0,USA,,Seg05,SegE,1,1,FleetA,south,none,0.0058934604088649051,Atlantic Coastal Engineering Station Epsilon,-1,1000000000000000000
chevrolet vega (sw),22.0,4.0,140.0,72.0,2408.0,19.0,71.0,1.0,USA,C,Seg06,SegF,2,2,FleetA,EAST,ok,0.0060979686202673701,Mountain West Quality Assurance Facility Zeta,0.9999999999999999,0.30000000000000004
pontiac firebird,19.0,6.0,250.0,100.0,3282.0,15.0,71.0,1.0,USA,A,Seg07,SegG,5,5,FleetA,North,,0.0063095734448019303,Great Lakes Production Operations Eta,1000000000.0000001,1234567890
ford mustang,18.0,6.0,250.0,88.0,3139.0,14.5,71.0,1.0,USA,B,Seg08,SegH,9,9,FleetA,south,none,0.0065285211411278471,Gulf Coast Materials Testing Institute Theta,0.000000000000001,0.000000000000001
mercury capri 2000,23.0,4.0,122.0,86.0,2220.0,14.0,71.0,1.0,USA,C,Seg09,SegA,1,1,FleetA,EAST,ok,0.0067550665132944153,North American Manufacturing Division Alpha,1000000000000000000,12345678901234.5
opel 1900,28.0,4.0,116.0,90.0,2123.0,14.0,71.0,2.0,Europe,undefined,Seg10,SegB,2,2,FleetA,North,,0.0069894732072734861,Southwestern European Distribution Center Beta,5550000000000000,30000000
peugeot 304,30.0,4.0,79.0,70.0,2074.0,19.5,71.0,2.0,Europe,B,Seg11,SegC,5,5,FleetA,south,none,0.0072320140177818334,Pacific Rim Logistics and Supply Chain Gamma,1234567890123456,0.000000123456789
fiat 124b,30.0,4.0,88.0,76.0,2065.0,14.5,71.0,2.0,Europe,C,Seg12,SegD,9,9,FleetA,EAST,ok,0.0074829712057506289,Central Plains Research Laboratory Delta,100000000000,5550000000000000
toyota corolla 1200,31.0,4.0,71.0,65.0,1773.0,19.0,71.0,3.0,Japan,A,Seg01,SegE,1,1,FleetA,North,,0.0077426368268112694,Atlantic Coastal Engineering Station Epsilon,30000000,1000000000000000000
datsun 1200,35.0,4.0,72.0,69.0,1613.0,18.0,71.0,3.0,Japan,B,Seg02,SegF,2,2,FleetA,south,none,0.0080113130711800765,Mountain West Quality Assurance Facility Zeta,1234567890,0.30000000000000004
volkswagen model 111,27.0,4.0,97.0,60.0,1834.0,19.0,71.0,2.0,Europe,C,Seg03,SegG,5,5,FleetA,EAST,ok,0.0082893126153371528,Great Lakes Production Operations Eta,12345678901234.5,1234567890
,26.0,4.0,91.0,70.0,1955.0,20.5,71.0,1.0,USA,A,Seg04,SegH,9,9,FleetA,North,,0.0085769589859089456,Gulf Coast Materials Testing Institute Theta,0.0000001,0.000000000000001
toyota corona hardtop,24.0,4.0,113.0,95.0,2278.0,15.5,72.0,3.0,Japan,B,Seg05,SegA,1,1,FleetA,south,none,0.0088745869361777033,North American Manufacturing Division Alpha,0.0000001234567890123456,12345678901234.5
dodge colt hardtop,25.0,4.0,97.5,80.0,2126.0,17.0,72.0,1.0,USA,C,Seg06,SegB,2,2,FleetA,EAST,ok,0.0091825428356562822,Southwestern European Distribution Center Beta,0.30000000000000004,30000000
volkswagen type 3,23.0,4.0,97.0,54.0,2254.0,23.5,72.0,2.0,Europe,A,Seg07,SegC,5,5,FleetA,North,,0.0095011850731814389,Pacific Rim Logistics and Supply Chain Gamma,3.141592653589793,0.000000123456789
chevrolet vega,20.0,NaN,140.0,90.0,2408.0,19.5,72.0,1.0,USA,B,Seg08,SegD,9,9,FleetA,south,none,0.0098308844739948276,Central Plains Research Laboratory Delta,2.718281828459045,5550000000000000
ford pinto runabout,21.0,4.0,122.0,86.0,2226.0,16.5,72.0,1.0,USA,C,Seg09,SegE,1,1,FleetA,EAST,ok,0.010172024731297103,Atlantic Coastal Engineering Station Epsilon,1.4142135623730951,1000000000000000000
chevrolet impala,13.0,8.0,350.0,165.0,4274.0,12.0,72.0,1.0,USA,A,Seg10,SegF,2,2,FleetA,North,,0.010525002852777327,Mountain West Quality Assurance Facility Zeta,0.1,0.30000000000000004
pontiac catalina,14.0,8.0,400.0,175.0,4385.0,12.0,72.0,1.0,USA,B,Seg11,SegG,5,5,FleetA,south,none,0.010890229622637299,Great Lakes Production Operations Eta,0.01,1234567890
plymouth fury iii,15.0,8.0,318.0,150.0,4135.0,13.5,72.0,1.0,,C,Seg12,SegH,9,9,FleetA,EAST,ok,0.011268130079648544,Gulf Coast Materials Testing Institute Theta,0.001,0.000000000000001
ford galaxie 500,14.0,8.0,351.0,153.0,4129.0,13.0,72.0,1.0,USA,A,Seg01,SegA,1,1,FleetA,North,,0.011659144011798317,North American Manufacturing Division Alpha,0.000000000001,12345678901234.5
amc ambassador sst,17.0,8.0,304.0,150.0,3672.0,11.5,72.0,1.0,USA,B,Seg02,SegB,2,2,FleetA,south,none,0.012063726468100234,Southwestern European Distribution Center Beta,1000000000000,30000000
mercury marquis,11.0,8.0,429.0,208.0,4633.0,11.0,72.0,1.0,USA,C,Seg03,SegC,5,5,FleetA,EAST,ok,0.012482348288165192,Pacific Rim Logistics and Supply Chain Gamma,999,0.000000123456789
buick lesabre custom,13.0,8.0,350.0,155.0,4502.0,13.5,72.0,1.0,USA,A,Seg04,SegD,9,9,FleetA,North,,0.01291549665014884,Central Plains Research Laboratory Delta,1000,5550000000000000
oldsmobile delta 88 royale,12.0,8.0,350.0,160.0,4456.0,13.5,72.0,1.0,USA,B,Seg05,SegE,1,1,FleetA,south,none,0.013363675637713335,Atlantic Coastal Engineering Station Epsilon,999999,1000000000000000000
chrysler newport royal,13.0,8.0,400.0,190.0,4422.0,12.5,72.0,1.0,USA,,Seg06,SegF,2,2,FleetA,EAST,ok,0.013827406826663132,Mountain West Quality Assurance Facility Zeta,1000000,0.30000000000000004
mazda rx2 coupe,19.0,3.0,70.0,97.0,2330.0,13.5,72.0,3.0,Japan,A,Seg07,SegG,5,5,FleetA,North,,0.014307229891937572,Great Lakes Production Operations Eta,-30000000,1234567890
amc matador (sw),15.0,8.0,304.0,150.0,3892.0,12.5,72.0,1.0,USA,B,Seg08,SegH,9,9,FleetA,south,none,0.014803703235666647,Gulf Coast Materials Testing Institute Theta,-0.0000001234,0.000000000000001
chevrolet chevelle concours (sw),13.0,8.0,307.0,130.0,4098.0,14.0,72.0,1.0,USA,C,Seg09,SegA,1,1,FleetA,EAST,ok,0.015317404637020799,North American Manufacturing Division Alpha,0,12345678901234.5
ford gran torino (sw),13.0,8.0,302.0,140.0,4294.0,16.0,72.0,1.0,USA,A,Seg10,SegB,2,2,FleetA,North,,0.015848931924611141,Southwestern European Distribution Center Beta,1,30000000
plymouth satellite custom (sw),14.0,8.0,318.0,150.0,4077.0,14.0,72.0,1.0,USA,B,Seg11,SegC,5,5,FleetA,south,none,0.016398903672222478,Pacific Rim Logistics and Supply Chain Gamma,-1,0.000000123456789
,18.0,4.0,121.0,112.0,2933.0,14.5,72.0,2.0,Europe,C,Seg12,SegD,9,9,FleetA,EAST,ok,0.016967959918688977,Central Plains Research Laboratory Delta,0.9999999999999999,5550000000000000
volkswagen 411 (sw),22.0,4.0,121.0,76.0,2511.0,18.0,72.0,2.0,Europe,A,Seg01,SegE,1,1,FleetA,North,,0.017556762912750015,Atlantic Coastal Engineering Station Epsilon,1000000000.0000001,1000000000000000000
peugeot 504 (sw),21.0,4.0,120.0,87.0,2979.0,19.5,72.0,2.0,Europe,null,Seg02,SegF,2,2,FleetA,south,none,0.018165997883753268,Mountain West Quality Assurance Facility Zeta,0.000000000000001,0.30000000000000004
renault 12 (sw),26.0,4.0,96.0,69.0,2189.0,18.0,72.0,2.0,Europe,C,Seg03,SegG,5,5,FleetA,EAST,ok,0.018796373839101883,Great Lakes Production Operations Eta,1000000000000000000,1234567890
ford pinto (sw),22.0,NaN,122.0,86.0,2395.0,16.0,72.0,1.0,USA,A,Seg04,SegH,9,9,FleetA,North,,0.019448624389373625,Gulf Coast Materials Testing Institute Theta,5550000000000000,0.000000000000001
datsun 510 (sw),28.0,4.0,97.0,92.0,2288.0,17.0,72.0,3.0,Japan,B,Seg05,SegA,1,1,FleetA,south,none,0.020123508602072574,North American Manufacturing Division Alpha,1234567890123456,12345678901234.5
toyouta corona mark ii (sw),23.0,4.0,120.0,97.0,2506.0,14.5,72.0,3.0,Japan,C,Seg06,SegB,2,2,FleetA,EAST,ok,0.020821811885006584,Southwestern European Distribution Center Beta,100000000000,30000000
dodge colt (sw),28.0,4.0,98.0,80.0,2164.0,15.0,72.0,1.0,USA,A,Seg07,SegC,5,5,FleetA,North,,0.021544346900318832,Pacific Rim Logistics and Supply Chain Gamma,30000000,0.000000123456789
toyota corolla 1600 (sw),27.0,4.0,97.0,88.0,2100.0,16.5,72.0,3.0,,B,Seg08,SegD,9,9,FleetA,south,none,0.022291954510236946,Central Plains Research Laboratory Delta,1234567890,5550000000000000
buick century 350,13.0,8.0,350.0,175.0,4100.0,13.0,73.0,1.0,USA,C,Seg09,SegE,1,1,FleetA,EAST,ok,0.023065504755640526,Atlantic Coastal Engineering Station Epsilon,12345678901234.5,1000000000000000000
amc matador,14.0,8.0,304.0,150.0,3672.0,11.5,73.0,1.0,USA,A,Seg10,SegF,2,2,FleetA,North,,0.023865897868585808,Mountain West Quality Assurance Facility Zeta,0.0000001,0.30000000000000004
chevrolet malibu,13.0,8.0,350.0,145.0,3988.0,13.0,73.0,1.0,USA,B,Seg11,SegG,5,5,FleetA,south,none,0.024694065319965788,Great Lakes Production Operations Eta,0.0000001234567890123456,1234567890
ford gran torino,14.0,8.0,302.0,137.0,4042.0,14.5,73.0,1.0,USA,C,Seg12,SegH,9,9,FleetA,EAST,ok,0.02555097090352507,Gulf Coast Materials Testing Institute Theta,0.30000000000000004,0.000000000000001
dodge coronet custom,15.0,8.0,318.0,150.0,3777.0,12.5,73.0,1.0,USA,A,Seg01,SegA,1,1,FleetA,North,,0.026437611857490998,North American Manufacturing Division Alpha,3.141592653589793,12345678901234.5
mercury marquis brougham,12.0,8.0,429.0,198.0,4952.0,11.5,73.0,1.0,USA,undefined,Seg02,SegB,2,2,FleetA,south,none,0.027355020025126336,Southwestern European Distribution Center Beta,2.718281828459045,30000000
chevrolet caprice classic,13.0,8.0,400.0,150.0,4464.0,12.0,73.0,1.0,USA,C,Seg03,SegC,5,5,FleetA,EAST,ok,0.028304263055554137,Pacific Rim Logistics and Supply Chain Gamma,1.4142135623730951,0.000000123456789
ford ltd,13.0,8.0,351.0,158.0,4363.0,13.0,73.0,1.0,USA,A,Seg04,SegD,9,9,FleetA,North,,0.029286445646252358,Central Plains Research Laboratory Delta,0.1,5550000000000000
plymouth fury gran sedan,14.0,8.0,318.0,150.0,4237.0,14.5,73.0,1.0,USA,B,Seg05,SegE,1,1,FleetA,south,none,0.030302710828663964,Atlantic Coastal Engineering Station Epsilon,0.01,1000000000000000000
chrysler new yorker brougham,13.0,8.0,440.0,215.0,4735.0,11.0,73.0,1.0,USA,C,Seg06,SegF,2,2,FleetA,EAST,ok,0.031354241298418989,Mountain West Quality Assurance Facility Zeta,0.001,0.30000000000000004
buick electra 225 custom,12.0,8.0,455.0,225.0,4951.0,11.0,73.0,1.0,USA,,Seg07,SegG,5,5,FleetA,North,,0.032442260791716297,Great Lakes Production Operations Eta,0.000000000001,1234567890
,13.0,8.0,360.0,175.0,3821.0,11.0,73.0,1.0,USA,B,Seg08,SegH,9,9,FleetA,south,none,0.033568035509467256,Gulf Coast Materials Testing Institute Theta,1000000000000,0.000000000000001
plymouth valiant,18.0,6.0,225.0,105.0,3121.0,16.5,73.0,1.0,USA,C,Seg09,SegA,1,1,FleetA,EAST,ok,0.03473287559085806,North American Manufacturing Division Alpha,999,12345678901234.5
chevrolet nova custom,16.0,6.0,250.0,100.0,3278.0,18.0,73.0,1.0,USA,A,Seg10,SegB,2,2,FleetA,North,,0.035938136638046257,Southwestern European Distribution Center Beta,1000,30000000
amc hornet,18.0,6.0,232.0,100.0,2945.0,16.0,73.0,1.0,USA,B,Seg11,SegC,5,5,FleetA,south,none,0.03718522129376553,Pacific Rim Logistics and Supply Chain Gamma,999999,0.000000123456789
ford maverick,18.0,NaN,250.0,88.0,3021.0,16.5,73.0,1.0,USA,C,Seg12,SegD,9,9,FleetA,EAST,ok,0.038475580873674461,Central Plains Research Laboratory Delta,1000000,5550000000000000
plymouth duster,23.0,6.0,198.0,95.0,2904.0,16.0,73.0,1.0,USA,A,Seg01,SegE,1,1,FleetA,North,,0.039810717055349734,Atlantic Coastal Engineering Station Epsilon,-30000000,1000000000000000000
volkswagen super beetle,26.0,4.0,97.0,46.0,1950.0,21.0,73.0,2.0,Europe,B,Seg02,SegF,2,2,FleetA,south,none,0.041192183625888279,Mountain West Quality Assurance Facility Zeta,-0.0000001234,0.30000000000000004
chevrolet impala,11.0,8.0,400.0,150.0,4997.0,14.0,73.0,1.0,USA,C,Seg03,SegG,5,5,FleetA,EAST,ok,0.04262158829015323,Great Lakes Production Operations Eta,0,1234567890
ford country,12.0,8.0,400.0,167.0,4906.0,12.5,73.0,1.0,,A,Seg04,SegH,9,9,FleetA,North,,0.044100594541767367,Gulf Coast Materials Testing Institute Theta,1,0.000000000000001
plymouth custom suburb,13.0,8.0,360.0,170.0,4654.0,13.0,73.0,1.0,USA,B,Seg05,SegA,1,1,FleetA,south,none,0.045630923599031571,North American Manufacturing Division Alpha,-1,12345678901234.5
oldsmobile vista cruiser,12.0,8.0,350.0,180.0,4499.0,12.5,73.0,1.0,USA,C,Seg06,SegB,2,2,FleetA,EAST,ok,0.047214356408021643,Southwestern European Distribution Center Beta,0.9999999999999999,30000000
amc gremlin,18.0,6.0,232.0,100.0,2789.0,15.0,73.0,1.0,USA,A,Seg07,SegC,5,5,FleetA,North,,0.048852735715193919,Pacific Rim Logistics and Supply Chain Gamma,1000000000.0000001,0.000000123456789
toyota carina,20.0,4.0,97.0,88.0,2279.0,19.0,73.0,3.0,Japan,B,Seg08,SegD,9,9,FleetA,south,none,0.050547968211912403,Central Plains Research Laboratory Delta,0.000000000000001,5550000000000000
chevrolet vega,21.0,4.0,140.0,72.0,2401.0,19.5,73.0,1.0,USA,C,Seg09,SegE,1,1,FleetA,EAST,ok,0.052302026753392968,Atlantic Coastal Engineering Station Epsilon,1000000000000000000,1000000000000000000
datsun 610,22.0,4.0,108.0,94.0,2379.0,16.5,73.0,3.0,Japan,A,Seg10,SegF,2,2,FleetA,North,,0.054116952654646347,Mountain West Quality Assurance Facility Zeta,5550000000000000,0.30000000000000004
maxda rx3,18.0,3.0,70.0,90.0,2124.0,13.5,73.0,3.0,Japan,B,Seg11,SegG,5,5,FleetA,south,none,0.055994858066092959,Great Lakes Production Operations Eta,1234567890123456,1234567890
ford pinto,19.0,4.0,122.0,85.0,2310.0,18.5,73.0,1.0,USA,C,Seg12,SegH,9,9,FleetA,EAST,ok,0.057937928431613148,Gulf Coast Materials Testing Institute Theta,100000000000,0.000000000000001
mercury capri v6,21.0,6.0,155.0,107.0,2472.0,14.0,73.0,1.0,USA,A,Seg01,SegA,1,1,FleetA,North,,0.059948425031894091,North American Manufacturing Division Alpha,30000000,12345678901234.5
fiat 124 sport coupe,26.0,4.0,98.0,90.0,2265.0,15.5,73.0,2.0,Europe,B,Seg02,SegB,2,2,FleetA,south,none,0.062028687616033355,Southwestern European Distribution Center Beta,1234567890,30000000
chevrolet monte carlo s,15.0,8.0,350.0,145.0,4082.0,13.0,73.0,1.0,USA,C,Seg03,SegC,5,5,FleetA,EAST,ok,0.064181137124460719,Pacific Rim Logistics and Supply Chain Gamma,12345678901234.5,0.000000123456789
,16.0,8.0,400.0,230.0,4278.0,9.5,73.0,1.0,USA,A,Seg04,SegD,9,9,FleetA,North,,0.066408278506348409,Central Plains Research Laboratory Delta,0.0000001,5550000000000000
fiat 128,29.0,4.0,68.0,49.0,1867.0,19.5,73.0,2.0,Europe,B,Seg05,SegE,1,1,FleetA,south,none,0.068712703634787681,Atlantic Coastal Engineering Station Epsilon,0.0000001234567890123456,1000000000000000000
opel manta,24.0,4.0,116.0,75.0,2158.0,15.5,73.0,2.0,Europe,null,Seg06,SegF,2,2,FleetA,EAST,ok,0.071097094323124319,Mountain West Quality Assurance Facility Zeta,0.30000000000000004,0.30000000000000004
audi 100ls,20.0,4.0,114.0,91.0,2582.0,14.0,73.0,2.0,Europe,A,Seg07,SegG,5,5,FleetA,North,,0.073564225445964138,Great Lakes Production Operations Eta,3.141592653589793,1234567890
volvo 144ea,19.0,NaN,121.0,112.0,2868.0,15.5,73.0,2.0,Europe,,Seg08,SegH,9,9,FleetA,south,none,0.076116968168479501,Gulf Coast Materials Testing Institute Theta,2.718281828459045,0.000000000000001
dodge dart custom,15.0,8.0,318.0,150.0,3399.0,11.0,73.0,1.0,USA,C,Seg09,SegA,1,1,FleetA,EAST,ok,0.078758293287775963,North American Manufacturing Division Alpha,1.4142135623730951,12345678901234.5
saab 99le,24.0,4.0,121.0,110.0,2660.0,14.0,73.0,2.0,Europe,A,Seg10,SegB,2,2,FleetA,North,,0.081491274690207449,Southwestern European Distribution Center Beta,0.1,30000000
toyota mark ii,20.0,6.0,156.0,122.0,2807.0,13.5,73.0,3.0,Japan,B,Seg11,SegC,5,5,FleetA,south,none,0.084319092928662548,Pacific Rim Logistics and Supply Chain Gamma,0.01,0.000000123456789
oldsmobile omega,11.0,8.0,350.0,180.0,3664.0,11.0,73.0,1.0,,C,Seg12,SegD,9,9,FleetA,EAST,ok,0.087245038923986634,Central Plains Research Laboratory Delta,0.001,5550000000000000
plymouth duster,20.0,6.0,198.0,95.0,3102.0,16.5,74.0,1.0,USA,A,Seg01,SegE,1,1,FleetA,North,,0.090272517794845783,Atlantic Coastal Engineering Station Epsilon,0.000000000001,1000000000000000000
ford maverick,21.0,6.0,200.0,NaN,2875.0,17.0,74.0,1.0,USA,B,Seg02,SegF,2,2,FleetA,south,none,0.093405052820490733,Mountain West Quality Assurance Facility Zeta,1000000000000,0.30000000000000004
amc hornet,19.0,6.0,232.0,100.0,2901.0,16.0,74.0,1.0,USA,C,Seg03,SegG,5,5,FleetA,EAST,ok,0.096646289541032465,Great Lakes Production Operations Eta,999,1234567890
chevrolet nova,15.0,6.0,250.0,100.0,3336.0,17.0,74.0,1.0,USA,A,Seg04,SegH,9,9,FleetA,North,,0.10000000000000001,Gulf Coast Materials Testing Institute Theta,1000,0.000000000000001
datsun b210,31.0,4.0,79.0,67.0,1950.0,19.0,74.0,3.0,Japan,B,Seg05,SegA,1,1,FleetA,south,none,0.1034700871341199,North American Manufacturing Division Alpha,999999,12345678901234.5
ford pinto,26.0,4.0,122.0,80.0,2451.0,16.5,74.0,1.0,USA,undefined,Seg06,SegB,2,2,FleetA,EAST,ok,0.10706058931542353,Southwestern European Distribution Center Beta,1000000,30000000
toyota corolla 1200,32.0,4.0,71.0,65.0,1836.0,21.0,74.0,3.0,Japan,A,Seg07,SegC,5,5,FleetA,North,,0.11077568505097087,Pacific Rim Logistics and Supply Chain Gamma,-30000000,0.000000123456789
chevrolet vega,25.0,4.0,140.0,75.0,2542.0,17.0,74.0,1.0,USA,B,Seg08,SegD,9,9,FleetA,south,none,0.11461969784565779,Central Plains Research Laboratory Delta,-0.0000001234,5550000000000000
chevrolet chevelle malibu classic,16.0,6.0,250.0,100.0,3781.0,17.0,74.0,1.0,USA,C,Seg09,SegE,1,1,FleetA,EAST,ok,0.11859710123376695,Atlantic Coastal Engineering Station Epsilon,0,1000000000000000000
amc matador,16.0,6.0,258.0,110.0,3632.0,18.0,74.0,1.0,USA,A,Seg10,SegF,2,2,FleetA,North,,0.12271252398511903,Mountain West Quality Assurance Facility Zeta,1,0.30000000000000004
plymouth satellite sebring,18.0,6.0,225.0,105.0,3613.0,16.5,74.0,1.0,USA,B,Seg11,SegG,5,5,FleetA,south,none,0.1269707554918803,Great Lakes Production Operations Eta,-1,1234567890
,16.0,8.0,302.0,140.0,4141.0,14.0,74.0,1.0,USA,C,Seg12,SegH,9,9,FleetA,EAST,ok,0.1313767513422989,Gulf Coast Materials Testing Institute Theta,0.9999999999999999,0.000000000000001
buick century luxus (sw),13.0,8.0,350.0,150.0,4699.0,14.5,74.0,1.0,USA,A,Seg01,SegA,1,1,FleetA,North,,0.13593563908785256,North American Manufacturing Division Alpha,1000000000.0000001,12345678901234.5
dodge coronet custom (sw),14.0,8.0,318.0,150.0,4457.0,13.5,74.0,1.0,USA,B,Seg02,SegB,2,2,FleetA,south,none,0.14065272421052363,Southwestern European Distribution Center Beta,0.000000000000001,30000000
ford gran torino (sw),14.0,8.0,302.0,140.0,4638.0,16.0,74.0,1.0,USA,C,Seg03,SegC,5,5,FleetA,EAST,ok,0.14553349629714216,Pacific Rim Logistics and Supply Chain Gamma,1000000000000000000,0.000000123456789
amc matador (sw),14.0,NaN,304.0,150.0,4257.0,15.5,74.0,1.0,USA,A,Seg04,SegD,9,9,FleetA,North,,0.15058363542798414,Central Plains Research Laboratory Delta,5550000000000000,5550000000000000
audi fox,29.0,4.0,98.0,83.0,2219.0,16.5,74.0,2.0,Europe,B,Seg05,SegE,1,1,FleetA,south,none,0.15580901878706049,Atlantic Coastal Engineering Station Epsilon,1234567890123456,1000000000000000000
volkswagen dasher,26.0,4.0,79.0,67.0,1963.0,15.5,74.0,2.0,Europe,C,Seg06,SegF,2,2,FleetA,EAST,ok,0.16121572750178856,Mountain West Quality Assurance Facility Zeta,100000000000,0.30000000000000004
opel manta,26.0,4.0,97.0,78.0,2300.0,14.5,74.0,2.0,Europe,A,Seg07,SegG,5,5,FleetA,North,,0.1668100537200059,Great Lakes Production Operations Eta,30000000,1234567890
toyota corona,31.0,4.0,76.0,52.0,1649.0,16.5,74.0,3.0,,B,Seg08,SegH,9,9,FleetA,south,none,0.17259850793256215,Gulf Coast Materials Testing Institute Theta,1234567890,0.000000000000001
datsun 710,32.0,4.0,83.0,61.0,2003.0,19.0,74.0,3.0,Japan,,Seg09,SegA,1,1,FleetA,EAST,ok,0.1785878265500129,North American Manufacturing Division Alpha,12345678901234.5,12345678901234.5
dodge colt,28.0,4.0,90.0,75.0,2125.0,14.5,74.0,1.0,USA,A,Seg10,SegB,2,2,FleetA,North,,0.18478497974222907,Southwestern European Distribution Center Beta,0.0000001,30000000
fiat 128,24.0,4.0,90.0,75.0,2108.0,15.5,74.0,2.0,Europe,B,Seg11,SegC,5,5,FleetA,south,none,0.19119717955005022,Pacific Rim Logistics and Supply Chain Gamma,0.0000001234567890123456,0.000000123456789
fiat 124 tc,26.0,4.0,116.0,75.0,2246.0,14.0,74.0,2.0,Europe,C,Seg12,SegD,9,9,FleetA,EAST,ok,0.19783188827841644,Central Plains Research Laboratory Delta,0.30000000000000004,5550000000000000
honda civic,24.0,4.0,120.0,97.0,2489.0,15.0,74.0,3.0,Japan,A,Seg01,SegE,1,1,FleetA,North,,0.20469682718075199,Atlantic Coastal Engineering Station Epsilon,3.141592653589793,1000000000000000000
subaru,26.0,4.0,108.0,93.0,2391.0,15.5,74.0,3.0,Japan,B,Seg02,SegF,2,2,FleetA,south,none,0.21179998544470291,Mountain West Quality Assurance Facility Zeta,2.718281828459045,0.30000000000000004
fiat x1.9,31.0,4.0,79.0,67.0,2000.0,16.0,74.0,2.0,Europe,C,Seg03,SegG,5,5,FleetA,EAST,ok,0.21914962948968714,Great Lakes Production Operations Eta,1.4142135623730951,1234567890
plymouth valiant custom,19.0,6.0,225.0,95.0,3264.0,16.0,75.0,1.0,USA,A,Seg04,SegH,9,9,FleetA,North,,0.2267543125870802,Gulf Coast Materials Testing Institute Theta,0.1,0.000000000000001
chevrolet nova,18.0,6.0,250.0,105.0,3459.0,16.0,75.0,1.0,USA,B,Seg05,SegA,1,1,FleetA,south,none,0.23462288481422625,North American Manufacturing Division Alpha,0.01,12345678901234.5
mercury monarch,15.0,6.0,250.0,72.0,3432.0,21.0,75.0,1.0,USA,C,Seg06,SegB,2,2,FleetA,EAST,ok,0.24276450335386565,Southwestern European Distribution Center Beta,0.001,30000000
ford maverick,15.0,6.0,250.0,72.0,3158.0,19.5,75.0,1.0,USA,A,Seg07,SegC,5,5,FleetA,North,,0.25118864315095824,Pacific Rim Logistics and Supply Chain Gamma,0.000000000001,0.000000123456789
,16.0,8.0,400.0,170.0,4668.0,11.5,75.0,1.0,USA,B,Seg08,SegD,9,9,FleetA,south,none,0.25990510793930943,Central Plains Research Laboratory Delta,1000000000000,5550000000000000
chevrolet bel air,15.0,8.0,350.0,145.0,4440.0,14.0,75.0,1.0,USA,C,Seg09,SegE,1,1,FleetA,EAST,ok,0.26892404165083184,Atlantic Coastal Engineering Station Epsilon,999,1000000000000000000
plymouth grand fury,16.0,8.0,318.0,150.0,4498.0,14.5,75.0,1.0,USA,null,Seg10,SegF,2,2,FleetA,North,,0.27825594022071232,Mountain West Quality Assurance Facility Zeta,1000,0.30000000000000004
ford ltd,14.0,8.0,351.0,148.0,4657.0,13.5,75.0,1.0,USA,B,Seg11,SegG,5,5,FleetA,south,none,0.2879116638022356,Great Lakes Production Operations Eta,999999,1234567890
buick century,17.0,NaN,231.0,110.0,3907.0,21.0,75.0,1.0,USA,C,Seg12,SegH,9,9,FleetA,EAST,ok,0.29790244940546751,Gulf Coast Materials Testing Institute Theta,1000000,0.000000000000001
chevroelt chevelle malibu,16.0,6.0,250.0,105.0,3897.0,18.5,75.0,1.0,USA,A,Seg01,SegA,1,1,FleetA,North,,0.30823992397451433,North American Manufacturing Division Alpha,-30000000,12345678901234.5
amc matador,15.0,6.0,258.0,110.0,3730.0,19.0,75.0,1.0,USA,B,Seg02,SegB,2,2,FleetA,south,none,0.31893611791857496,Southwestern European Distribution Center Beta,-0.0000001234,30000000
plymouth fury,18.0,6.0,225.0,95.0,3785.0,19.0,75.0,1.0,USA,C,Seg03,SegC,5,5,FleetA,EAST,ok,0.3300034791125282,Pacific Rim Logistics and Supply Chain Gamma,0,0.000000123456789
buick skyhawk,21.0,6.0,231.0,110.0,3039.0,15.0,75.0,1.0,,A,Seg04,SegD,9,9,FleetA,North,,0.34145488738336005,Central Plains Research Laboratory Delta,1,5550000000000000
chevrolet monza 2+2,20.0,8.0,262.0,110.0,3221.0,13.5,75.0,1.0,USA,B,Seg05,SegE,1,1,FleetA,south,none,0.35330366949927361,Atlantic Coastal Engineering Station Epsilon,-1,1000000000000000000
ford mustang ii,13.0,8.0,302.0,129.0,3169.0,12.0,75.0,1.0,USA,C,Seg06,SegF,2,2,FleetA,EAST,ok,0.36556361467894105,Mountain West Quality Assurance Facility Zeta,0.9999999999999999,0.30000000000000004
toyota corolla,29.0,4.0,97.0,75.0,2171.0,16.0,75.0,3.0,Japan,A,Seg07,SegG,5,5,FleetA,North,,0.37824899063893863,Great Lakes Production Operations Eta,1000000000.0000001,1234567890
ford pinto,23.0,4.0,140.0,83.0,2639.0,17.0,75.0,1.0,USA,B,Seg08,SegH,9,9,FleetA,south,none,0.3913745601980384,Gulf Coast Materials Testing Institute Theta,0.000000000000001,0.000000000000001
amc gremlin,20.0,6.0,232.0,100.0,2914.0,16.0,75.0,1.0,USA,C,Seg09,SegA,1,1,FleetA,EAST,ok,0.40495559845768886,North American Manufacturing Division Alpha,1000000000000000000,12345678901234.5
pontiac astro,23.0,4.0,140.0,78.0,2592.0,18.5,75.0,1.0,USA,,Seg10,SegB,2,2,FleetA,North,,0.41900791057866693,Southwestern European Distribution Center Beta,5550000000000000,30000000
toyota corona,24.0,4.0,134.0,96.0,2702.0,13.5,75.0,3.0,Japan,B,Seg11,SegC,5,5,FleetA,south,none,0.4335478501746014,Pacific Rim Logistics and Supply Chain Gamma,1234567890123456,0.000000123456789
volkswagen dasher,25.0,4.0,90.0,71.0,2223.0,16.5,75.0,2.0,Europe,C,Seg12,SegD,9,9,FleetA,EAST,ok,0.44859233834376366,Central Plains Research Laboratory Delta,100000000000,5550000000000000
datsun 710,24.0,4.0,119.0,97.0,2545.0,17.0,75.0,3.0,Japan,A,Seg01,SegE,1,1,FleetA,North,,0.46415888336127775,Atlantic Coastal Engineering Station Epsilon,30000000,1000000000000000000
ford pinto,18.0,6.0,171.0,97.0,2984.0,14.5,75.0,1.0,USA,B,Seg02,SegF,2,2,FleetA,south,none,0.48026560105467203,Mountain West Quality Assurance Facility Zeta,1234567890,0.30000000000000004
volkswagen rabbit,29.0,4.0,90.0,70.0,1937.0,14.0,75.0,2.0,Europe,C,Seg03,SegG,5,5,FleetA,EAST,ok,0.49693123588647325,Great Lakes Production Operations Eta,12345678901234.5,1234567890
,19.0,6.0,232.0,90.0,3211.0,17.0,75.0,1.0,USA,A,Seg04,SegH,9,9,FleetA,North,,0.5141751827683928,Gulf Coast Materials Testing Institute Theta,0.0000001,0.000000000000001
audi 100ls,23.0,4.0,115.0,95.0,2694.0,15.0,75.0,2.0,Europe,B,Seg05,SegA,1,1,FleetA,south,none,0.53201750963247574,North American Manufacturing Division Alpha,0.0000001234567890123456,12345678901234.5
peugeot 504,23.0,4.0,120.0,88.0,2957.0,17.0,75.0,2.0,Europe,C,Seg06,SegB,2,2,FleetA,EAST,ok,0.55047898078549673,Southwestern European Distribution Center Beta,0.30000000000000004,30000000
volvo 244dl,22.0,4.0,121.0,98.0,2945.0,14.5,75.0,2.0,Europe,A,Seg07,SegC,5,5,FleetA,North,,0.56958108107376859,Pacific Rim Logistics and Supply Chain Gamma,3.141592653589793,0.000000123456789
saab 99le,25.0,NaN,121.0,115.0,2671.0,13.5,75.0,2.0,Europe,B,Seg08,SegD,9,9,FleetA,south,none,0.58934604088649045,Central Plains Research Laboratory Delta,2.718281828459045,5550000000000000
honda civic cvcc,33.0,4.0,91.0,53.0,1795.0,17.5,75.0,3.0,Japan,C,Seg09,SegE,1,1,FleetA,EAST,ok,0.609796862026737,Atlantic Coastal Engineering Station Epsilon,1.4142135623730951,1000000000000000000
fiat 131,28.0,4.0,107.0,86.0,2464.0,15.5,76.0,2.0,Europe,A,Seg10,SegF,2,2,FleetA,North,,0.63095734448019303,Mountain West Quality Assurance Facility Zeta,0.1,0.30000000000000004
opel 1900,25.0,4.0,116.0,81.0,2220.0,16.9,76.0,2.0,Europe,B,Seg11,SegG,5,5,FleetA,south,none,0.65285211411278476,Great Lakes Production Operations Eta,0.01,1234567890
capri ii,25.0,4.0,140.0,92.0,2572.0,14.9,76.0,1.0,,C,Seg12,SegH,9,9,FleetA,EAST,ok,0.67550665132944154,Gulf Coast Materials Testing Institute Theta,0.001,0.000000000000001
dodge colt,26.0,4.0,98.0,79.0,2255.0,17.7,76.0,1.0,USA,A,Seg01,SegA,1,1,FleetA,North,,0.69894732072734866,North American Manufacturing Division Alpha,0.000000000001,12345678901234.5
renault 12tl,27.0,4.0,101.0,83.0,2202.0,15.3,76.0,2.0,Europe,B,Seg02,SegB,2,2,FleetA,south,none,0.72320140177818337,Southwestern European Distribution Center Beta,1000000000000,30000000
chevrolet chevelle malibu classic,17.5,8.0,305.0,140.0,4215.0,13.0,76.0,1.0,USA,C,Seg03,SegC,5,5,FleetA,EAST,ok,0.74829712057506281,Pacific Rim Logistics and Supply Chain Gamma,999,0.000000123456789
dodge coronet brougham,16.0,8.0,318.0,150.0,4190.0,13.0,76.0,1.0,USA,A,Seg04,SegD,9,9,FleetA,North,,0.774263682681127,Central Plains Research Laboratory Delta,1000,5550000000000000
amc matador,15.5,8.0,304.0,120.0,3962.0,13.9,76.0,1.0,USA,B,Seg05,SegE,1,1,FleetA,south,none,0.80113130711800684,Atlantic Coastal Engineering Station Epsilon,999999,1000000000000000000
ford gran torino,14.5,8.0,351.0,152.0,4215.0,12.8,76.0,1.0,USA,C,Seg06,SegF,2,2,FleetA,EAST,ok,0.82893126153371532,Mountain West Quality Assurance Facility Zeta,1000000,0.30000000000000004
plymouth valiant,22.0,6.0,225.0,100.0,3233.0,15.4,76.0,1.0,USA,A,Seg07,SegG,5,5,FleetA,North,,0.85769589859089368,Great Lakes Production Operations Eta,-30000000,1234567890
chevrolet nova,22.0,6.0,250.0,105.0,3353.0,14.5,76.0,1.0,USA,B,Seg08,SegH,9,9,FleetA,south,none,0.8874586936177703,Gulf Coast Materials Testing Institute Theta,-0.0000001234,0.000000000000001
ford maverick,24.0,6.0,200.0,81.0,3012.0,17.6,76.0,1.0,USA,C,Seg09,SegA,1,1,FleetA,EAST,ok,0.91825428356562822,North American Manufacturing Division Alpha,0,12345678901234.5
amc hornet,22.5,6.0,232.0,90.0,3085.0,17.6,76.0,1.0,USA,A,Seg10,SegB,2,2,FleetA,North,,0.95011850731814385,Southwestern European Distribution Center Beta,1,30000000
chevrolet chevette,29.0,4.0,85.0,52.0,2035.0,22.2,76.0,1.0,USA,,Seg11,SegC,5,5,FleetA,south,none,0.98308844739948287,Pacific Rim Logistics and Supply Chain Gamma,-1,0.000000123456789
,24.5,4.0,98.0,60.0,2164.0,22.1,76.0,1.0,USA,C,Seg12,SegD,9,9,FleetA,EAST,ok,1.0172024731297094,Central Plains Research Laboratory Delta,0.9999999999999999,5550000000000000
vw rabbit,29.0,4.0,90.0,70.0,1937.0,14.2,76.0,2.0,Europe,A,Seg01,SegE,1,1,FleetA,North,,1.0525002852777328,Atlantic Coastal Engineering Station Epsilon,1000000000.0000001,1000000000000000000
honda civic,33.0,4.0,91.0,53.0,1795.0,17.4,76.0,3.0,Japan,null,Seg02,SegF,2,2,FleetA,south,none,1.0890229622637304,Mountain West Quality Assurance Facility Zeta,0.000000000000001,0.30000000000000004
dodge aspen se,20.0,6.0,225.0,100.0,3651.0,17.7,76.0,1.0,USA,C,Seg03,SegG,5,5,FleetA,EAST,ok,1.1268130079648544,Great Lakes Production Operations Eta,1000000000000000000,1234567890
ford granada ghia,18.0,NaN,250.0,78.0,3574.0,21.0,76.0,1.0,USA,A,Seg04,SegH,9,9,FleetA,North,,1.165914401179831,Gulf Coast Materials Testing Institute Theta,5550000000000000,0.000000000000001
pontiac ventura sj,18.5,6.0,250.0,110.0,3645.0,16.2,76.0,1.0,USA,B,Seg05,SegA,1,1,FleetA,south,none,1.2063726468100235,North American Manufacturing Division Alpha,1234567890123456,12345678901234.5
amc pacer d/l,17.5,6.0,258.0,95.0,3193.0,17.8,76.0,1.0,USA,C,Seg06,SegB,2,2,FleetA,EAST,ok,1.2482348288165197,Southwestern European Distribution Center Beta,100000000000,30000000
volkswagen rabbit,29.5,4.0,97.0,71.0,1825.0,12.2,76.0,2.0,Europe,A,Seg07,SegC,5,5,FleetA,North,,1.2915496650148828,Pacific Rim Logistics and Supply Chain Gamma,30000000,0.000000123456789
datsun b-210,32.0,4.0,85.0,70.0,1990.0,17.0,76.0,3.0,,B,Seg08,SegD,9,9,FleetA,south,none,1.3363675637713341,Central Plains Research Laboratory Delta,1234567890,5550000000000000
toyota corolla,28.0,4.0,97.0,75.0,2155.0,16.4,76.0,3.0,Japan,C,Seg09,SegE,1,1,FleetA,EAST,ok,1.3827406826663133,Atlantic Coastal Engineering Station Epsilon,12345678901234.5,1000000000000000000
ford pinto,26.5,4.0,140.0,72.0,2565.0,13.6,76.0,1.0,USA,A,Seg10,SegF,2,2,FleetA,North,,1.4307229891937572,Mountain West Quality Assurance Facility Zeta,0.0000001,0.30000000000000004
volvo 245,20.0,4.0,130.0,102.0,3150.0,15.7,76.0,2.0,Europe,B,Seg11,SegG,5,5,FleetA,south,none,1.4803703235666639,Great Lakes Production Operations Eta,0.0000001234567890123456,1234567890
plymouth volare premier v8,13.0,8.0,318.0,150.0,3940.0,13.2,76.0,1.0,USA,C,Seg12,SegH,9,9,FleetA,EAST,ok,1.5317404637020797,Gulf Coast Materials Testing Institute Theta,0.30000000000000004,0.000000000000001
peugeot 504,19.0,4.0,120.0,88.0,3270.0,21.9,76.0,2.0,Europe,A,Seg01,SegA,1,1,FleetA,North,,1.584893192461114,North American Manufacturing Division Alpha,3.141592653589793,12345678901234.5
toyota mark ii,19.0,6.0,156.0,108.0,2930.0,15.5,76.0,3.0,Japan,undefined,Seg02,SegB,2,2,FleetA,south,none,1.639890367222246,Southwestern European Distribution Center Beta,2.718281828459045,30000000
mercedes-benz 280s,16.5,6.0,168.0,120.0,3820.0,16.7,76.0,2.0,Europe,C,Seg03,SegC,5,5,FleetA,EAST,ok,1.6967959918688984,Pacific Rim Logistics and Supply Chain Gamma,1.4142135623730951,0.000000123456789
cadillac seville,16.5,8.0,350.0,180.0,4380.0,12.1,76.0,1.0,USA,A,Seg04,SegD,9,9,FleetA,North,,1.7556762912750015,Central Plains Research Laboratory Delta,0.1,5550000000000000
chevy c10,13.0,8.0,350.0,145.0,4055.0,12.0,76.0,1.0,USA,B,Seg05,SegE,1,1,FleetA,south,none,1.8165997883753267,Atlantic Coastal Engineering Station Epsilon,0.01,1000000000000000000
ford f108,13.0,8.0,302.0,130.0,3870.0,15.0,76.0,1.0,USA,C,Seg06,SegF,2,2,FleetA,EAST,ok,1.8796373839101901,Mountain West Quality Assurance Facility Zeta,0.001,0.30000000000000004
dodge d100,13.0,8.0,318.0,150.0,3755.0,14.0,76.0,1.0,USA,A,Seg07,SegG,5,5,FleetA,North,,1.9448624389373614,Great Lakes Production Operations Eta,0.000000000001,1234567890
,31.5,4.0,98.0,68.0,2045.0,18.5,77.0,3.0,Japan,B,Seg08,SegH,9,9,FleetA,south,none,2.0123508602072575,Gulf Coast Materials Testing Institute Theta,1000000000000,0.000000000000001
buick opel isuzu deluxe,30.0,4.0,111.0,80.0,2155.0,14.8,77.0,1.0,USA,C,Seg09,SegA,1,1,FleetA,EAST,ok,2.0821811885006563,North American Manufacturing Division Alpha,999,12345678901234.5
renault 5 gtl,36.0,4.0,79.0,58.0,1825.0,18.6,77.0,2.0,Europe,A,Seg10,SegB,2,2,FleetA,North,,2.1544346900318843,Southwestern European Distribution Center Beta,1000,30000000
plymouth arrow gs,25.5,4.0,122.0,96.0,2300.0,15.5,77.0,1.0,USA,B,Seg11,SegC,5,5,FleetA,south,none,2.2291954510236947,Pacific Rim Logistics and Supply Chain Gamma,999999,0.000000123456789
datsun f-10 hatchback,33.5,NaN,85.0,70.0,1945.0,16.8,77.0,3.0,Japan,,Seg12,SegD,9,9,FleetA,EAST,ok,2.3065504755640514,Central Plains Research Laboratory Delta,1000000,5550000000000000
chevrolet caprice classic,17.5,8.0,305.0,145.0,3880.0,12.5,77.0,1.0,USA,A,Seg01,SegE,1,1,FleetA,North,,2.3865897868585835,Atlantic Coastal Engineering Station Epsilon,-30000000,1000000000000000000
oldsmobile cutlass supreme,17.0,8.0,260.0,110.0,4060.0,19.0,77.0,1.0,USA,B,Seg02,SegF,2,2,FleetA,south,none,2.4694065319965772,Mountain West Quality Assurance Facility Zeta,-0.0000001234,0.30000000000000004
dodge monaco brougham,15.5,8.0,318.0,145.0,4140.0,13.7,77.0,1.0,USA,C,Seg03,SegG,5,5,FleetA,EAST,ok,2.5550970903525072,Great Lakes Production Operations Eta,0,1234567890
mercury cougar brougham,15.0,8.0,302.0,130.0,4295.0,14.9,77.0,1.0,,A,Seg04,SegH,9,9,FleetA,North,,2.643761185749101,Gulf Coast Materials Testing Institute Theta,1,0.000000000000001
chevrolet concours,17.5,6.0,250.0,110.0,3520.0,16.4,77.0,1.0,USA,B,Seg05,SegA,1,1,FleetA,south,none,2.7355020025126335,North American Manufacturing Division Alpha,-1,12345678901234.5
buick skylark,20.5,6.0,231.0,105.0,3425.0,16.9,77.0,1.0,USA,C,Seg06,SegB,2,2,FleetA,EAST,ok,2.830426305555414,Southwestern European Distribution Center Beta,0.9999999999999999,30000000
plymouth volare custom,19.0,6.0,225.0,100.0,3630.0,17.7,77.0,1.0,USA,A,Seg07,SegC,5,5,FleetA,North,,2.9286445646252344,Pacific Rim Logistics and Supply Chain Gamma,1000000000.0000001,0.000000123456789
ford granada,18.5,6.0,250.0,98.0,3525.0,19.0,77.0,1.0,USA,B,Seg08,SegD,9,9,FleetA,south,none,3.0302710828663995,Central Plains Research Laboratory Delta,0.000000000000001,5550000000000000
pontiac grand prix lj,16.0,8.0,400.0,180.0,4220.0,11.1,77.0,1.0,USA,C,Seg09,SegE,1,1,FleetA,EAST,ok,3.1354241298418954,Atlantic Coastal Engineering Station Epsilon,1000000000000000000,1000000000000000000
chevrolet monte carlo landau,15.5,8.0,350.0,170.0,4165.0,11.4,77.0,1.0,USA,A,Seg10,SegF,2,2,FleetA,North,,3.24422607917163,Mountain West Quality Assurance Facility Zeta,5550000000000000,0.30000000000000004
chrysler cordoba,15.5,8.0,400.0,190.0,4325.0,12.2,77.0,1.0,USA,B,Seg11,SegG,5,5,FleetA,south,none,3.3568035509467271,Great Lakes Production Operations Eta,1234567890123456,1234567890
ford thunderbird,16.0,8.0,351.0,149.0,4335.0,14.5,77.0,1.0,USA,C,Seg12,SegH,9,9,FleetA,EAST,ok,3.4732875590858057,Gulf Coast Materials Testing Institute Theta,100000000000,0.000000000000001
volkswagen rabbit custom,29.0,4.0,97.0,78.0,1940.0,14.5,77.0,2.0,Europe,A,Seg01,SegA,1,1,FleetA,North,,3.5938136638046259,North American Manufacturing Division Alpha,30000000,12345678901234.5
pontiac sunbird coupe,24.5,4.0,151.0,88.0,2740.0,16.0,77.0,1.0,USA,B,Seg02,SegB,2,2,FleetA,south,none,3.7185221293765527,Southwestern European Distribution Center Beta,1234567890,30000000
toyota corolla liftback,26.0,4.0,97.0,75.0,2265.0,18.2,77.0,3.0,Japan,C,Seg03,SegC,5,5,FleetA,EAST,ok,3.84755808736745,Pacific Rim Logistics and Supply Chain Gamma,12345678901234.5,0.000000123456789
,25.5,4.0,140.0,89.0,2755.0,15.8,77.0,1.0,USA,A,Seg04,SegD,9,9,FleetA,North,,3.9810717055349691,Central Plains Research Laboratory Delta,0.0000001,5550000000000000
chevrolet chevette,30.5,4.0,98.0,63.0,2051.0,17.0,77.0,1.0,USA,B,Seg05,SegE,1,1,FleetA,south,none,4.1192183625888301,Atlantic Coastal Engineering Station Epsilon,0.0000001234567890123456,1000000000000000000
dodge colt m/m,33.5,4.0,98.0,83.0,2075.0,15.9,77.0,1.0,USA,null,Seg06,SegF,2,2,FleetA,EAST,ok,4.2621588290153252,Mountain West Quality Assurance Facility Zeta,0.30000000000000004,0.30000000000000004
subaru dl,30.0,4.0,97.0,67.0,1985.0,16.4,77.0,3.0,Japan,A,Seg07,SegG,5,5,FleetA,North,,4.4100594541767366,Great Lakes Production Operations Eta,3.141592653589793,1234567890
volkswagen dasher,30.5,NaN,97.0,78.0,2190.0,14.1,77.0,2.0,Europe,B,Seg08,SegH,9,9,FleetA,south,none,4.5630923599031572,Gulf Coast Materials Testing Institute Theta,2.718281828459045,0.000000000000001
datsun 810,22.0,6.0,146.0,97.0,2815.0,14.5,77.0,3.0,Japan,C,Seg09,SegA,1,1,FleetA,EAST,ok,4.7214356408021647,North American Manufacturing Division Alpha,1.4142135623730951,12345678901234.5
bmw 320i,21.5,4.0,121.0,110.0,2600.0,12.8,77.0,2.0,Europe,A,Seg10,SegB,2,2,FleetA,North,,4.8852735715193916,Southwestern European Distribution Center Beta,0.1,30000000
mazda rx-4,21.5,3.0,80.0,110.0,2720.0,13.5,77.0,3.0,Japan,B,Seg11,SegC,5,5,FleetA,south,none,5.0547968211912355,Pacific Rim Logistics and Supply Chain Gamma,0.01,0.000000123456789
volkswagen rabbit custom diesel,43.1,4.0,90.0,48.0,1985.0,21.5,78.0,2.0,,C,Seg12,SegD,9,9,FleetA,EAST,ok,5.2302026753392994,Central Plains Research Laboratory Delta,0.001,5550000000000000
ford fiesta,36.1,4.0,98.0,66.0,1800.0,14.4,78.0,1.0,USA,,Seg01,SegE,1,1,FleetA,North,,5.4116952654646377,Atlantic Coastal Engineering Station Epsilon,0.000000000001,1000000000000000000
mazda glc deluxe,32.8,4.0,78.0,52.0,1985.0,19.4,78.0,3.0,Japan,B,Seg02,SegF,2,2,FleetA,south,none,5.5994858066092954,Mountain West Quality Assurance Facility Zeta,1000000000000,0.30000000000000004
datsun b210 gx,39.4,4.0,85.0,70.0,2070.0,18.6,78.0,3.0,Japan,C,Seg03,SegG,5,5,FleetA,EAST,ok,5.793792843161321,Great Lakes Production Operations Eta,999,1234567890
honda civic cvcc,36.1,4.0,91.0,60.0,1800.0,16.4,78.0,3.0,Japan,A,Seg04,SegH,9,9,FleetA,North,,5.9948425031894086,Gulf Coast Materials Testing Institute Theta,1000,0.000000000000001
oldsmobile cutlass salon brougham,19.9,8.0,260.0,110.0,3365.0,15.5,78.0,1.0,USA,B,Seg05,SegA,1,1,FleetA,south,none,6.2028687616033356,North American Manufacturing Division Alpha,999999,12345678901234.5
dodge diplomat,19.4,8.0,318.0,140.0,3735.0,13.2,78.0,1.0,USA,undefined,Seg06,SegB,2,2,FleetA,EAST,ok,6.4181137124460621,Southwestern European Distribution Center Beta,1000000,30000000
mercury monarch ghia,20.2,8.0,302.0,139.0,3570.0,12.8,78.0,1.0,USA,A,Seg07,SegC,5,5,FleetA,North,,6.640827850634845,Pacific Rim Logistics and Supply Chain Gamma,-30000000,0.000000123456789
pontiac phoenix lj,19.2,6.0,231.0,105.0,3535.0,19.2,78.0,1.0,USA,B,Seg08,SegD,9,9,FleetA,south,none,6.871270363478768,Central Plains Research Laboratory Delta,-0.0000001234,5550000000000000
chevrolet malibu,20.5,6.0,200.0,95.0,3155.0,18.2,78.0,1.0,USA,C,Seg09,SegE,1,1,FleetA,EAST,ok,7.1097094323124317,Atlantic Coastal Engineering Station Epsilon,0,1000000000000000000
ford fairmont (auto),20.2,6.0,200.0,85.0,2965.0,15.8,78.0,1.0,USA,A,Seg10,SegF,2,2,FleetA,North,,7.3564225445964215,Mountain West Quality Assurance Facility Zeta,1,0.30000000000000004
ford fairmont (man),25.1,4.0,140.0,88.0,2720.0,15.4,78.0,1.0,USA,B,Seg11,SegG,5,5,FleetA,south,none,7.6116968168479415,Great Lakes Production Operations Eta,-1,1234567890
,20.5,6.0,225.0,100.0,3430.0,17.2,78.0,1.0,USA,C,Seg12,SegH,9,9,FleetA,EAST,ok,7.8758293287775958,Gulf Coast Materials Testing Institute Theta,0.9999999999999999,0.000000000000001
amc concord,19.4,6.0,232.0,90.0,3210.0,17.2,78.0,1.0,USA,A,Seg01,SegA,1,1,FleetA,North,,8.1491274690207494,North American Manufacturing Division Alpha,1000000000.0000001,12345678901234.5
buick century special,20.6,6.0,231.0,105.0,3380.0,15.8,78.0,1.0,USA,B,Seg02,SegB,2,2,FleetA,south,none,8.4319092928662602,Southwestern European Distribution Center Beta,0.000000000000001,30000000
mercury zephyr,20.8,6.0,200.0,85.0,3070.0,16.7,78.0,1.0,USA,C,Seg03,SegC,5,5,FleetA,EAST,ok,8.724503892398662,Pacific Rim Logistics and Supply Chain Gamma,1000000000000000000,0.000000123456789
dodge aspen,18.6,NaN,225.0,110.0,3620.0,18.7,78.0,1.0,USA,A,Seg04,SegD,9,9,FleetA,North,,9.027251779484569,Central Plains Research Laboratory Delta,5550000000000000,5550000000000000
amc concord d/l,18.1,6.0,258.0,120.0,3410.0,15.1,78.0,1.0,USA,B,Seg05,SegE,1,1,FleetA,south,none,9.340505282049083,Atlantic Coastal Engineering Station Epsilon,1234567890123456,1000000000000000000
chevrolet monte carlo landau,19.2,8.0,305.0,145.0,3425.0,13.2,78.0,1.0,USA,C,Seg06,SegF,2,2,FleetA,EAST,ok,9.6646289541032377,Mountain West Quality Assurance Facility Zeta,100000000000,0.30000000000000004
buick regal sport coupe (turbo),17.7,6.0,231.0,165.0,3445.0,13.4,78.0,1.0,USA,A,Seg07,SegG,5,5,FleetA,North,,10,Great Lakes Production Operations Eta,30000000,1234567890
ford futura,18.1,8.0,302.0,139.0,3205.0,11.2,78.0,1.0,,B,Seg08,SegH,9,9,FleetA,south,none,10.34700871341199,Gulf Coast Materials Testing Institute Theta,1234567890,0.000000000000001
dodge magnum xe,17.5,8.0,318.0,140.0,4080.0,13.7,78.0,1.0,USA,C,Seg09,SegA,1,1,FleetA,EAST,ok,10.706058931542364,North American Manufacturing Division Alpha,12345678901234.5,12345678901234.5
chevrolet chevette,30.0,4.0,98.0,68.0,2155.0,16.5,78.0,1.0,USA,A,Seg10,SegB,2,2,FleetA,North,,11.077568505097087,Southwestern European Distribution Center Beta,0.0000001,30000000
toyota corona,27.5,4.0,134.0,95.0,2560.0,14.2,78.0,3.0,Japan,B,Seg11,SegC,5,5,FleetA,south,none,11.461969784565779,Pacific Rim Logistics and Supply Chain Gamma,0.0000001234567890123456,0.000000123456789
datsun 510,27.2,4.0,119.0,97.0,2300.0,14.7,78.0,3.0,Japan,C,Seg12,SegD,9,9,FleetA,EAST,ok,11.859710123376706,Central Plains Research Laboratory Delta,0.30000000000000004,5550000000000000
dodge omni,30.9,4.0,105.0,75.0,2230.0,14.5,78.0,1.0,USA,A,Seg01,SegE,1,1,FleetA,North,,12.271252398511891,Atlantic Coastal Engineering Station Epsilon,3.141592653589793,1000000000000000000
toyota celica gt liftback,21.1,4.0,134.0,95.0,2515.0,14.8,78.0,3.0,Japan,,Seg02,SegF,2,2,FleetA,south,none,12.697075549188032,Mountain West Quality Assurance Facility Zeta,2.718281828459045,0.30000000000000004
plymouth sapporo,23.2,4.0,156.0,105.0,2745.0,16.7,78.0,1.0,USA,C,Seg03,SegG,5,5,FleetA,EAST,ok,13.137675134229889,Great Lakes Production Operations Eta,1.4142135623730951,1234567890
oldsmobile starfire sx,23.8,4.0,151.0,85.0,2855.0,17.6,78.0,1.0,USA,A,Seg04,SegH,9,9,FleetA,North,,13.593563908785242,Gulf Coast Materials Testing Institute Theta,0.1,0.000000000000001
datsun 200-sx,23.9,4.0,119.0,97.0,2405.0,14.9,78.0,3.0,Japan,B,Seg05,SegA,1,1,FleetA,south,none,14.065272421052365,North American Manufacturing Division Alpha,0.01,12345678901234.5
audi 5000,20.3,5.0,131.0,103.0,2830.0,15.9,78.0,2.0,Europe,C,Seg06,SegB,2,2,FleetA,EAST,ok,14.553349629714216,Southwestern European Distribution Center Beta,0.001,30000000
volvo 264gl,17.0,6.0,163.0,125.0,3140.0,13.6,78.0,2.0,Europe,A,Seg07,SegC,5,5,FleetA,North,,15.058363542798414,Pacific Rim Logistics and Supply Chain Gamma,0.000000000001,0.000000123456789
,21.6,4.0,121.0,115.0,2795.0,15.7,78.0,2.0,Europe,B,Seg08,SegD,9,9,FleetA,south,none,15.580901878706031,Central Plains Research Laboratory Delta,1000000000000,5550000000000000
peugeot 604sl,16.2,6.0,163.0,133.0,3410.0,15.8,78.0,2.0,Europe,C,Seg09,SegE,1,1,FleetA,EAST,ok,16.121572750178856,Atlantic Coastal Engineering Station Epsilon,999,1000000000000000000
volkswagen scirocco,31.5,4.0,89.0,71.0,1990.0,14.9,78.0,2.0,Europe,null,Seg10,SegF,2,2,FleetA,North,,16.681005372000591,Mountain West Quality Assurance Facility Zeta,1000,0.30000000000000004
honda accord lx,29.5,4.0,98.0,68.0,2135.0,16.6,78.0,3.0,Japan,B,Seg11,SegG,5,5,FleetA,south,none,17.259850793256234,Great Lakes Production Operations Eta,999999,1234567890
pontiac lemans v6,21.5,NaN,231.0,115.0,3245.0,15.4,79.0,1.0,USA,C,Seg12,SegH,9,9,FleetA,EAST,ok,17.858782655001271,Gulf Coast Materials Testing Institute Theta,1000000,0.000000000000001
mercury zephyr 6,19.8,6.0,200.0,85.0,2990.0,18.2,79.0,1.0,USA,A,Seg01,SegA,1,1,FleetA,North,,18.478497974222908,North American Manufacturing Division Alpha,-30000000,12345678901234.5
ford fairmont 4,22.3,4.0,140.0,88.0,2890.0,17.3,79.0,1.0,USA,B,Seg02,SegB,2,2,FleetA,south,none,19.119717955005022,Southwestern European Distribution Center Beta,-0.0000001234,30000000
amc concord dl 6,20.2,6.0,232.0,90.0,3265.0,18.2,79.0,1.0,USA,C,Seg03,SegC,5,5,FleetA,EAST,ok,19.783188827841624,Pacific Rim Logistics and Supply Chain Gamma,0,0.000000123456789
dodge aspen 6,20.6,6.0,225.0,110.0,3360.0,16.6,79.0,1.0,,A,Seg04,SegD,9,9,FleetA,North,,20.469682718075241,Central Plains Research Laboratory Delta,1,5550000000000000
chevrolet caprice classic,17.0,8.0,305.0,130.0,3840.0,15.4,79.0,1.0,USA,B,Seg05,SegE,1,1,FleetA,south,none,21.179998544470291,Atlantic Coastal Engineering Station Epsilon,-1,1000000000000000000
ford ltd landau,17.6,8.0,302.0,129.0,3725.0,13.4,79.0,1.0,USA,C,Seg06,SegF,2,2,FleetA,EAST,ok,21.914962948968693,Mountain West Quality Assurance Facility Zeta,0.9999999999999999,0.30000000000000004
mercury grand marquis,16.5,8.0,351.0,138.0,3955.0,13.2,79.0,1.0,USA,A,Seg07,SegG,5,5,FleetA,North,,22.675431258708045,Great Lakes Production Operations Eta,1000000000.0000001,1234567890
dodge st. regis,18.2,8.0,318.0,135.0,3830.0,15.2,79.0,1.0,USA,B,Seg08,SegH,9,9,FleetA,south,none,23.462288481422625,Gulf Coast Materials Testing Institute Theta,0.000000000000001,0.000000000000001
buick estate wagon (sw),16.9,8.0,350.0,155.0,4360.0,14.9,79.0,1.0,USA,C,Seg09,SegA,1,1,FleetA,EAST,ok,24.276450335386567,North American Manufacturing Division Alpha,1000000000000000000,12345678901234.5
ford country squire (sw),15.5,8.0,351.0,142.0,4054.0,14.3,79.0,1.0,USA,undefined,Seg10,SegB,2,2,FleetA,North,,25.11886431509577,Southwestern European Distribution Center Beta,5550000000000000,30000000
chevrolet malibu classic (sw),19.2,8.0,267.0,125.0,3605.0,15.0,79.0,1.0,USA,B,Seg11,SegC,5,5,FleetA,south,none,25.990510793930941,Pacific Rim Logistics and Supply Chain Gamma,1234567890123456,0.000000123456789
chrysler lebaron town @ country (sw),18.5,8.0,360.0,150.0,3940.0,13.0,79.0,1.0,USA,C,Seg12,SegD,9,9,FleetA,EAST,ok,26.892404165083185,Central Plains Research Laboratory Delta,100000000000,5550000000000000
vw rabbit custom,31.9,4.0,89.0,71.0,1925.0,14.0,79.0,2.0,Europe,A,Seg01,SegE,1,1,FleetA,North,,27.825594022071257,Atlantic Coastal Engineering Station Epsilon,30000000,1000000000000000000
maxda glc deluxe,34.1,4.0,86.0,65.0,1975.0,15.2,79.0,3.0,Japan,B,Seg02,SegF,2,2,FleetA,south,none,28.79116638022359,Mountain West Quality Assurance Facility Zeta,1234567890,0.30000000000000004
dodge colt hatchback custom,35.7,4.0,98.0,80.0,1915.0,14.4,79.0,1.0,USA,,Seg03,SegG,5,5,FleetA,EAST,ok,29.790244940546721,Great Lakes Production Operations Eta,12345678901234.5,1234567890
,27.4,4.0,121.0,80.0,2670.0,15.0,79.0,1.0,USA,A,Seg04,SegH,9,9,FleetA,North,,30.823992397451434,Gulf Coast Materials Testing Institute Theta,0.0000001,0.000000000000001
mercedes benz 300d,25.4,5.0,183.0,77.0,3530.0,20.1,79.0,2.0,Europe,B,Seg05,SegA,1,1,FleetA,south,none,31.893611791857492,North American Manufacturing Division Alpha,0.0000001234567890123456,12345678901234.5
cadillac eldorado,23.0,8.0,350.0,125.0,3900.0,17.4,79.0,1.0,USA,C,Seg06,SegB,2,2,FleetA,EAST,ok,33.000347911252888,Southwestern European Distribution Center Beta,0.30000000000000004,30000000
peugeot 504,27.2,4.0,141.0,71.0,3190.0,24.8,79.0,2.0,Europe,A,Seg07,SegC,5,5,FleetA,North,,34.145488738336006,Pacific Rim Logistics and Supply Chain Gamma,3.141592653589793,0.000000123456789
oldsmobile cutlass salon brougham,23.9,NaN,260.0,90.0,3420.0,22.2,79.0,1.0,USA,B,Seg08,SegD,9,9,FleetA,south,none,35.330366949927289,Central Plains Research Laboratory Delta,2.718281828459045,5550000000000000
plymouth horizon,34.2,4.0,105.0,70.0,2200.0,13.2,79.0,1.0,USA,C,Seg09,SegE,1,1,FleetA,EAST,ok,36.556361467894142,Atlantic Coastal Engineering Station Epsilon,1.4142135623730951,1000000000000000000
plymouth horizon tc3,34.5,4.0,105.0,70.0,2150.0,14.9,79.0,1.0,USA,A,Seg10,SegF,2,2,FleetA,North,,37.824899063893824,Mountain West Quality Assurance Facility Zeta,0.1,0.30000000000000004
datsun 210,31.8,4.0,85.0,65.0,2020.0,19.2,79.0,3.0,Japan,B,Seg11,SegG,5,5,FleetA,south,none,39.137456019803842,Great Lakes Production Operations Eta,0.01,1234567890
fiat strada custom,37.3,4.0,91.0,69.0,2130.0,14.7,79.0,2.0,,C,Seg12,SegH,9,9,FleetA,EAST,ok,40.495559845768888,Gulf Coast Materials Testing Institute Theta,0.001,0.000000000000001
buick skylark limited,28.4,4.0,151.0,90.0,2670.0,16.0,79.0,1.0,USA,A,Seg01,SegA,1,1,FleetA,North,,41.900791057866648,North American Manufacturing Division Alpha,0.000000000001,12345678901234.5
chevrolet citation,28.8,6.0,173.0,115.0,2595.0,11.3,79.0,1.0,USA,B,Seg02,SegB,2,2,FleetA,south,none,43.354785017460138,Southwestern European Distribution Center Beta,1000000000000,30000000
oldsmobile omega brougham,26.8,6.0,173.0,115.0,2700.0,12.9,79.0,1.0,USA,C,Seg03,SegC,5,5,FleetA,EAST,ok,44.859233834376369,Pacific Rim Logistics and Supply Chain Gamma,999,0.000000123456789
pontiac phoenix,33.5,4.0,151.0,90.0,2556.0,13.2,79.0,1.0,USA,A,Seg04,SegD,9,9,FleetA,North,,46.415888336127821,Central Plains Research Laboratory Delta,1000,5550000000000000
vw rabbit,41.5,4.0,98.0,76.0,2144.0,14.7,80.0,2.0,Europe,B,Seg05,SegE,1,1,FleetA,south,none,48.026560105467155,Atlantic Coastal Engineering Station Epsilon,999999,1000000000000000000
toyota corolla tercel,38.1,4.0,89.0,60.0,1968.0,18.8,80.0,3.0,Japan,C,Seg06,SegF,2,2,FleetA,EAST,ok,49.693123588647325,Mountain West Quality Assurance Facility Zeta,1000000,0.30000000000000004
chevrolet chevette,32.1,4.0,98.0,70.0,2120.0,15.5,80.0,1.0,USA,A,Seg07,SegG,5,5,FleetA,North,,51.417518276839274,Great Lakes Production Operations Eta,-30000000,1234567890
datsun 310,37.2,4.0,86.0,65.0,2019.0,16.4,80.0,3.0,Japan,B,Seg08,SegH,9,9,FleetA,south,none,53.201750963247626,Gulf Coast Materials Testing Institute Theta,-0.0000001234,0.000000000000001
chevrolet citation,28.0,4.0,151.0,90.0,2678.0,16.5,80.0,1.0,USA,C,Seg09,SegA,1,1,FleetA,EAST,ok,55.047898078549679,North American Manufacturing Division Alpha,0,12345678901234.5
ford fairmont,26.4,4.0,140.0,88.0,2870.0,18.1,80.0,1.0,USA,A,Seg10,SegB,2,2,FleetA,North,,56.958108107376866,Southwestern European Distribution Center Beta,1,30000000
amc concord,24.3,4.0,151.0,90.0,3003.0,20.1,80.0,1.0,USA,B,Seg11,SegC,5,5,FleetA,south,none,58.934604088649053,Pacific Rim Logistics and Supply Chain Gamma,-1,0.000000123456789
,19.1,6.0,225.0,90.0,3381.0,18.7,80.0,1.0,USA,C,Seg12,SegD,9,9,FleetA,EAST,ok,60.979686202673633,Central Plains Research Laboratory Delta,0.9999999999999999,5550000000000000
audi 4000,34.3,4.0,97.0,78.0,2188.0,15.8,80.0,2.0,Europe,A,Seg01,SegE,1,1,FleetA,North,,63.095734448019428,Atlantic Coastal Engineering Station Epsilon,1000000000.0000001,1000000000000000000
toyota corona liftback,29.8,4.0,134.0,90.0,2711.0,15.5,80.0,3.0,Japan,null,Seg02,SegF,2,2,FleetA,south,none,65.285211411278468,Mountain West Quality Assurance Facility Zeta,0.000000000000001,0.30000000000000004
mazda 626,31.3,4.0,120.0,75.0,2542.0,17.5,80.0,3.0,Japan,C,Seg03,SegG,5,5,FleetA,EAST,ok,67.55066513294409,Great Lakes Production Operations Eta,1000000000000000000,1234567890
datsun 510 hatchback,37.0,NaN,119.0,92.0,2434.0,15.0,80.0,3.0,Japan,,Seg04,SegH,9,9,FleetA,North,,69.894732072734939,Gulf Coast Materials Testing Institute Theta,5550000000000000,0.000000000000001
toyota corolla,32.2,4.0,108.0,75.0,2265.0,15.2,80.0,3.0,Japan,B,Seg05,SegA,1,1,FleetA,south,none,72.320140177818331,North American Manufacturing Division Alpha,1234567890123456,12345678901234.5
mazda glc,46.6,4.0,86.0,65.0,2110.0,17.9,80.0,3.0,Japan,C,Seg06,SegB,2,2,FleetA,EAST,ok,74.829712057506285,Southwestern European Distribution Center Beta,100000000000,30000000
dodge colt,27.9,4.0,156.0,105.0,2800.0,14.4,80.0,1.0,USA,A,Seg07,SegC,5,5,FleetA,North,,77.426368268112611,Pacific Rim Logistics and Supply Chain Gamma,30000000,0.000000123456789
datsun 210,40.8,4.0,85.0,65.0,2110.0,19.2,80.0,3.0,,B,Seg08,SegD,9,9,FleetA,south,none,80.113130711800679,Central Plains Research Laboratory Delta,1234567890,5550000000000000
vw rabbit c (diesel),44.3,4.0,90.0,48.0,2085.0,21.7,80.0,2.0,Europe,C,Seg09,SegE,1,1,FleetA,EAST,ok,82.89312615337154,Atlantic Coastal Engineering Station Epsilon,12345678901234.5,1000000000000000000
vw dasher (diesel),43.4,4.0,90.0,48.0,2335.0,23.7,80.0,2.0,Europe,A,Seg10,SegF,2,2,FleetA,North,,85.769589859089464,Mountain West Quality Assurance Facility Zeta,0.0000001,0.30000000000000004
audi 5000s (diesel),36.4,5.0,121.0,67.0,2950.0,19.9,80.0,2.0,Europe,B,Seg11,SegG,5,5,FleetA,south,none,88.745869361777125,Great Lakes Production Operations Eta,0.0000001234567890123456,1234567890
mercedes-benz 240d,30.0,4.0,146.0,67.0,3250.0,21.8,80.0,2.0,Europe,C,Seg12,SegH,9,9,FleetA,EAST,ok,91.825428356562824,Gulf Coast Materials Testing Institute Theta,0.30000000000000004,0.000000000000001
honda civic 1500 gl,44.6,4.0,91.0,67.0,1850.0,13.8,80.0,3.0,Japan,A,Seg01,SegA,1,1,FleetA,North,,95.011850731814391,North American Manufacturing Division Alpha,3.141592653589793,12345678901234.5
renault lecar deluxe,40.9,4.0,85.0,NaN,1835.0,17.3,80.0,2.0,Europe,undefined,Seg02,SegB,2,2,FleetA,south,none,98.308844739948285,Southwestern European Distribution Center Beta,2.718281828459045,30000000
subaru dl,33.8,4.0,97.0,67.0,2145.0,18.0,80.0,3.0,Japan,C,Seg03,SegC,5,5,FleetA,EAST,ok,101.72024731297114,Pacific Rim Logistics and Supply Chain Gamma,1.4142135623730951,0.000000123456789
vokswagen rabbit,29.8,4.0,89.0,62.0,1845.0,15.3,80.0,2.0,Europe,A,Seg04,SegD,9,9,FleetA,North,,105.25002852777327,Central Plains Research Laboratory Delta,0.1,5550000000000000
datsun 280-zx,32.7,6.0,168.0,132.0,2910.0,11.4,80.0,3.0,Japan,B,Seg05,SegE,1,1,FleetA,south,none,108.90229622637283,Atlantic Coastal Engineering Station Epsilon,0.01,1000000000000000000
mazda rx-7 gs,23.7,3.0,70.0,100.0,2420.0,12.5,80.0,3.0,Japan,C,Seg06,SegF,2,2,FleetA,EAST,ok,112.68130079648556,Mountain West Quality Assurance Facility Zeta,0.001,0.30000000000000004
triumph tr7 coupe,35.0,4.0,122.0,88.0,2500.0,15.1,80.0,2.0,Europe,A,Seg07,SegG,5,5,FleetA,North,,116.59144011798311,Great Lakes Production Operations Eta,0.000000000001,1234567890
,23.6,4.0,140.0,NaN,2905.0,14.3,80.0,1.0,USA,B,Seg08,SegH,9,9,FleetA,south,none,120.63726468100235,Gulf Coast Materials Testing Institute Theta,1000000000000,0.000000000000001
honda accord,32.4,4.0,107.0,72.0,2290.0,17.0,80.0,3.0,Japan,C,Seg09,SegA,1,1,FleetA,EAST,ok,124.82348288165197,North American Manufacturing Division Alpha,999,12345678901234.5
plymouth reliant,27.2,4.0,135.0,84.0,2490.0,15.7,81.0,1.0,USA,A,Seg10,SegB,2,2,FleetA,North,,129.15496650148827,Southwestern European Distribution Center Beta,1000,30000000
buick skylark,26.6,4.0,151.0,84.0,2635.0,16.4,81.0,1.0,USA,B,Seg11,SegC,5,5,FleetA,south,none,133.63675637713328,Pacific Rim Logistics and Supply Chain Gamma,999999,0.000000123456789
dodge aries wagon (sw),25.8,NaN,156.0,92.0,2620.0,14.4,81.0,1.0,USA,C,Seg12,SegD,9,9,FleetA,EAST,ok,138.27406826663133,Central Plains Research Laboratory Delta,1000000,5550000000000000
chevrolet citation,23.5,6.0,173.0,110.0,2725.0,12.6,81.0,1.0,USA,A,Seg01,SegE,1,1,FleetA,North,,143.07229891937587,Atlantic Coastal Engineering Station Epsilon,-30000000,1000000000000000000
plymouth reliant,30.0,4.0,135.0,84.0,2385.0,12.9,81.0,1.0,USA,B,Seg02,SegF,2,2,FleetA,south,none,148.0370323566664,Mountain West Quality Assurance Facility Zeta,-0.0000001234,0.30000000000000004
toyota starlet,39.1,4.0,79.0,58.0,1755.0,16.9,81.0,3.0,Japan,C,Seg03,SegG,5,5,FleetA,EAST,ok,153.17404637020798,Great Lakes Production Operations Eta,0,1234567890
plymouth champ,39.0,4.0,86.0,64.0,1875.0,16.4,81.0,1.0,,A,Seg04,SegH,9,9,FleetA,North,,158.48931924611142,Gulf Coast Materials Testing Institute Theta,1,0.000000000000001
honda civic 1300,35.1,4.0,81.0,60.0,1760.0,16.1,81.0,3.0,Japan,,Seg05,SegA,1,1,FleetA,south,none,163.98903672222494,North American Manufacturing Division Alpha,-1,12345678901234.5
subaru,32.3,4.0,97.0,67.0,2065.0,17.8,81.0,3.0,Japan,C,Seg06,SegB,2,2,FleetA,EAST,ok,169.67959918688967,Southwestern European Distribution Center Beta,0.9999999999999999,30000000
datsun 210 mpg,37.0,4.0,85.0,65.0,1975.0,19.4,81.0,3.0,Japan,A,Seg07,SegC,5,5,FleetA,North,,175.56762912750014,Pacific Rim Logistics and Supply Chain Gamma,1000000000.0000001,0.000000123456789
toyota tercel,37.7,4.0,89.0,62.0,2050.0,17.3,81.0,3.0,Japan,B,Seg08,SegD,9,9,FleetA,south,none,181.65997883753286,Central Plains Research Laboratory Delta,0.000000000000001,5550000000000000
mazda glc 4,34.1,4.0,91.0,68.0,1985.0,16.0,81.0,3.0,Japan,C,Seg09,SegE,1,1,FleetA,EAST,ok,187.96373839101864,Atlantic Coastal Engineering Station Epsilon,1000000000000000000,1000000000000000000
plymouth horizon 4,34.7,4.0,105.0,63.0,2215.0,14.9,81.0,1.0,USA,A,Seg10,SegF,2,2,FleetA,North,,194.48624389373654,Mountain West Quality Assurance Facility Zeta,5550000000000000,0.30000000000000004
ford escort 4w,34.4,4.0,98.0,65.0,2045.0,16.2,81.0,1.0,USA,B,Seg11,SegG,5,5,FleetA,south,none,201.23508602072573,Great Lakes Production Operations Eta,1234567890123456,1234567890
ford escort 2h,29.9,4.0,98.0,65.0,2380.0,20.7,81.0,1.0,USA,C,Seg12,SegH,9,9,FleetA,EAST,ok,208.21811885006562,Gulf Coast Materials Testing Institute Theta,100000000000,0.000000000000001
volkswagen jetta,33.0,4.0,105.0,74.0,2190.0,14.2,81.0,2.0,Europe,A,Seg01,SegA,1,1,FleetA,North,,215.44346900318823,North American Manufacturing Division Alpha,30000000,12345678901234.5
renault 18i,34.5,4.0,100.0,NaN,2320.0,15.8,81.0,2.0,Europe,B,Seg02,SegB,2,2,FleetA,south,none,222.91954510236945,Southwestern European Distribution Center Beta,1234567890,30000000
honda prelude,33.7,4.0,107.0,75.0,2210.0,14.4,81.0,3.0,Japan,C,Seg03,SegC,5,5,FleetA,EAST,ok,230.65504755640538,Pacific Rim Logistics and Supply Chain Gamma,12345678901234.5,0.000000123456789
,32.4,4.0,108.0,75.0,2350.0,16.8,81.0,3.0,Japan,A,Seg04,SegD,9,9,FleetA,North,,238.65897868585785,Central Plains Research Laboratory Delta,0.0000001,5550000000000000
datsun 200sx,32.9,4.0,119.0,100.0,2615.0,14.8,81.0,3.0,Japan,B,Seg05,SegE,1,1,FleetA,south,none,246.94065319965773,Atlantic Coastal Engineering Station Epsilon,0.0000001234567890123456,1000000000000000000
mazda 626,31.6,4.0,120.0,74.0,2635.0,18.3,81.0,3.0,Japan,null,Seg06,SegF,2,2,FleetA,EAST,ok,255.50970903525069,Mountain West Quality Assurance Facility Zeta,0.30000000000000004,0.30000000000000004
peugeot 505s turbo diesel,28.1,4.0,141.0,80.0,3230.0,20.4,81.0,2.0,Europe,A,Seg07,SegG,5,5,FleetA,North,,264.37611857491009,Great Lakes Production Operations Eta,3.141592653589793,1234567890
saab 900s,NaN,NaN,121.0,110.0,2800.0,15.4,81.0,2.0,Europe,B,Seg08,SegH,9,9,FleetA,south,none,273.55020025126362,Gulf Coast Materials Testing Institute Theta,2.718281828459045,0.000000000000001
volvo diesel,30.7,6.0,145.0,76.0,3160.0,19.6,81.0,2.0,Europe,C,Seg09,SegA,1,1,FleetA,EAST,ok,283.04263055554139,North American Manufacturing Division Alpha,1.4142135623730951,12345678901234.5
toyota cressida,25.4,6.0,168.0,116.0,2900.0,12.6,81.0,3.0,Japan,A,Seg10,SegB,2,2,FleetA,North,,292.86445646252372,Southwestern European Distribution Center Beta,0.1,30000000
datsun 810 maxima,24.2,6.0,146.0,120.0,2930.0,13.8,81.0,3.0,Japan,B,Seg11,SegC,5,5,FleetA,south,none,303.0271082866393,Pacific Rim Logistics and Supply Chain Gamma,0.01,0.000000123456789
buick century,22.4,6.0,231.0,110.0,3415.0,15.8,81.0,1.0,,C,Seg12,SegD,9,9,FleetA,EAST,ok,313.54241298419021,Central Plains Research Laboratory Delta,0.001,5550000000000000
oldsmobile cutlass ls,26.6,8.0,350.0,105.0,3725.0,19.0,81.0,1.0,USA,A,Seg01,SegE,1,1,FleetA,North,,324.42260791716302,Atlantic Coastal Engineering Station Epsilon,0.000000000001,1000000000000000000
ford granada gl,20.2,6.0,200.0,88.0,3060.0,17.1,81.0,1.0,USA,B,Seg02,SegF,2,2,FleetA,south,none,335.680355094672,Mountain West Quality Assurance Facility Zeta,1000000000000,0.30000000000000004
chrysler lebaron salon,17.6,6.0,225.0,85.0,3465.0,16.6,81.0,1.0,USA,C,Seg03,SegG,5,5,FleetA,EAST,ok,347.32875590858094,Great Lakes Production Operations Eta,999,1234567890
chevrolet cavalier,28.0,4.0,112.0,88.0,2605.0,19.6,82.0,1.0,USA,A,Seg04,SegH,9,9,FleetA,North,,359.38136638046257,Gulf Coast Materials Testing Institute Theta,1000,0.000000000000001
chevrolet cavalier wagon,27.0,4.0,112.0,88.0,2640.0,18.6,82.0,1.0,USA,B,Seg05,SegA,1,1,FleetA,south,none,371.85221293765528,North American Manufacturing Division Alpha,999999,12345678901234.5
chevrolet cavalier 2-door,34.0,4.0,112.0,88.0,2395.0,18.0,82.0,1.0,USA,,Seg06,SegB,2,2,FleetA,EAST,ok,384.755808736745,Southwestern European Distribution Center Beta,1000000,30000000
pontiac j2000 se hatchback,31.0,4.0,112.0,85.0,2575.0,16.2,82.0,1.0,USA,A,Seg07,SegC,5,5,FleetA,North,,398.10717055349693,Pacific Rim Logistics and Supply Chain Gamma,-30000000,0.000000123456789
dodge aries se,29.0,4.0,135.0,84.0,2525.0,16.0,82.0,1.0,USA,B,Seg08,SegD,9,9,FleetA,south,none,411.92183625888259,Central Plains Research Laboratory Delta,-0.0000001234,5550000000000000
pontiac phoenix,27.0,4.0,151.0,90.0,2735.0,18.0,82.0,1.0,USA,C,Seg09,SegE,1,1,FleetA,EAST,ok,426.2158829015325,Atlantic Coastal Engineering Station Epsilon,0,1000000000000000000
ford fairmont futura,24.0,4.0,140.0,92.0,2865.0,16.4,82.0,1.0,USA,A,Seg10,SegF,2,2,FleetA,North,,441.00594541767413,Mountain West Quality Assurance Facility Zeta,1,0.30000000000000004
amc concord dl,23.0,4.0,151.0,NaN,3035.0,20.5,82.0,1.0,USA,B,Seg11,SegG,5,5,FleetA,south,none,456.3092359903157,Great Lakes Production Operations Eta,-1,1234567890
,36.0,4.0,105.0,74.0,1980.0,15.3,82.0,2.0,Europe,C,Seg12,SegH,9,9,FleetA,EAST,ok,472.14356408021644,Gulf Coast Materials Testing Institute Theta,0.9999999999999999,0.000000000000001
mazda glc custom l,37.0,4.0,91.0,68.0,2025.0,18.2,82.0,3.0,Japan,A,Seg01,SegA,1,1,FleetA,North,,488.52735715193916,North American Manufacturing Division Alpha,1000000000.0000001,12345678901234.5
mazda glc custom,31.0,4.0,91.0,68.0,1970.0,17.6,82.0,3.0,Japan,B,Seg02,SegB,2,2,FleetA,south,none,505.47968211912456,Southwestern European Distribution Center Beta,0.000000000000001,30000000
plymouth horizon miser,38.0,4.0,105.0,63.0,2125.0,14.7,82.0,1.0,USA,C,Seg03,SegC,5,5,FleetA,EAST,ok,523.02026753392943,Pacific Rim Logistics and Supply Chain Gamma,1000000000000000000,0.000000123456789
mercury lynx l,36.0,NaN,98.0,70.0,2125.0,17.3,82.0,1.0,USA,A,Seg04,SegD,9,9,FleetA,North,,541.16952654646377,Central Plains Research Laboratory Delta,5550000000000000,5550000000000000
nissan stanza xe,36.0,4.0,120.0,88.0,2160.0,14.5,82.0,3.0,Japan,B,Seg05,SegE,1,1,FleetA,south,none,559.94858066093013,Atlantic Coastal Engineering Station Epsilon,1234567890123456,1000000000000000000
honda accord,36.0,4.0,107.0,75.0,2205.0,14.5,82.0,3.0,Japan,C,Seg06,SegF,2,2,FleetA,EAST,ok,579.37928431613091,Mountain West Quality Assurance Facility Zeta,100000000000,0.30000000000000004
toyota corolla,34.0,4.0,108.0,70.0,2245.0,16.9,82.0,3.0,Japan,A,Seg07,SegG,5,5,FleetA,North,,599.48425031894089,Great Lakes Production Operations Eta,30000000,1234567890
honda civic,38.0,4.0,91.0,67.0,1965.0,15.0,82.0,3.0,,B,Seg08,SegH,9,9,FleetA,south,none,620.28687616033358,Gulf Coast Materials Testing Institute Theta,1234567890,0.000000000000001
honda civic (auto),32.0,4.0,91.0,67.0,1965.0,15.7,82.0,3.0,Japan,C,Seg09,SegA,1,1,FleetA,EAST,ok,641.81137124460622,North American Manufacturing Division Alpha,12345678901234.5,12345678901234.5
datsun 310 gx,38.0,4.0,91.0,67.0,1995.0,16.2,82.0,3.0,Japan,A,Seg10,SegB,2,2,FleetA,North,,664.08278506348381,Southwestern European Distribution Center Beta,0.0000001,30000000
buick century limited,25.0,6.0,181.0,110.0,2945.0,16.4,82.0,1.0,USA,B,Seg11,SegC,5,5,FleetA,south,none,687.12703634787681,Pacific Rim Logistics and Supply Chain Gamma,0.0000001234567890123456,0.000000123456789
oldsmobile cutlass ciera (diesel),38.0,6.0,262.0,85.0,3015.0,17.0,82.0,1.0,USA,C,Seg12,SegD,9,9,FleetA,EAST,ok,710.97094323124384,Central Plains Research Laboratory Delta,0.30000000000000004,5550000000000000
chrysler lebaron medallion,26.0,4.0,156.0,92.0,2585.0,14.5,82.0,1.0,USA,A,Seg01,SegE,1,1,FleetA,North,,735.64225445964064,Atlantic Coastal Engineering Station Epsilon,3.141592653589793,1000000000000000000
ford granada l,22.0,6.0,232.0,112.0,2835.0,14.7,82.0,1.0,USA,B,Seg02,SegF,2,2,FleetA,south,none,761.16968168479411,Mountain West Quality Assurance Facility Zeta,2.718281828459045,0.30000000000000004
toyota celica gt,32.0,4.0,144.0,96.0,2665.0,13.9,82.0,3.0,Japan,C,Seg03,SegG,5,5,FleetA,EAST,ok,787.58293287775962,Great Lakes Production Operations Eta,1.4142135623730951,1234567890
dodge charger 2.2,36.0,4.0,135.0,84.0,2370.0,13.0,82.0,1.0,USA,A,Seg04,SegH,9,9,FleetA,North,,814.9127469020749,Gulf Coast Materials Testing Institute Theta,0.1,0.000000000000001
chevrolet camaro,27.0,4.0,151.0,90.0,2950.0,17.3,82.0,1.0,USA,B,Seg05,SegA,1,1,FleetA,south,none,843.19092928662508,North American Manufacturing Division Alpha,0.01,12345678901234.5
ford mustang gl,27.0,4.0,140.0,86.0,2790.0,15.6,82.0,1.0,USA,C,Seg06,SegB,2,2,FleetA,EAST,ok,872.45038923986624,Southwestern European Distribution Center Beta,0.001,30000000
vw pickup,44.0,4.0,97.0,52.0,2130.0,24.6,82.0,2.0,Europe,,Seg07,SegC,5,5,FleetA,North,,902.72517794845783,Pacific Rim Logistics and Supply Chain Gamma,0.000000000001,0.000000123456789
,32.0,4.0,135.0,84.0,2295.0,11.6,82.0,1.0,USA,B,Seg08,SegD,9,9,FleetA,south,none,934.0505282049063,Central Plains Research Laboratory Delta,1000000000000,5550000000000000
ford ranger,28.0,4.0,120.0,79.0,2625.0,18.6,82.0,1.0,USA,C,Seg09,SegE,1,1,FleetA,EAST,ok,966.4628954103257,Atlantic Coastal Engineering Station Epsilon,999,1000000000000000000
chevy s-10,31.0,4.0,119.0,82.0,2720.0,19.4,82.0,1.0,USA,null,Seg10,SegF,2,2,FleetA,North,,1000,Mountain West Quality Assurance Facility Zeta,1000,0.30000000000000004
